number,x,y,z,qx,qy,qz,qw,attributes
0,0.0389252230525,77.978187561,1.9749557972,0.00269796346962,-0.000242810475505,-0.683356040201,0.730080258846,
1,0.346947520971,77.019203186,1.97907996178,0.00812599361666,-0.000620067977218,-0.517888814029,0.85540911852,
2,0.831646323204,76.1328048706,1.96472239494,0.00387747961825,-0.0045465540874,-0.468054759707,0.883679260769,
3,1.38494980335,75.2167892456,1.94324469566,0.00667478918713,-0.00840963127796,-0.518053540957,0.855280804177,
4,1.79058587551,74.1612472534,1.9279551506,0.00619094076569,-0.00520974590517,-0.582384569647,0.812873141294,
5,2.09091711044,73.16040802,1.93452990055,0.00461057572144,-0.00607383328567,-0.615306783231,0.788250857056,
6,2.33528113365,72.1253204346,1.91372144222,0.00721973563547,-0.00147736875532,-0.616735271506,0.787136136687,
7,2.59961795807,71.0528717041,1.8820182085,0.00740588737288,-0.001963073473,-0.624208440607,0.781220277419,
8,2.82051873207,70.0343093872,1.86486268044,0.00968860426779,-0.00441386025166,-0.624502893691,0.780949924487,
9,3.02424383163,69.0141067505,1.83042860031,0.00596174421042,-0.00077299286236,-0.629012536924,0.777371911302,
10,3.2070081234,68.0068206787,1.79797148705,0.00643615805099,-0.0021399160172,-0.646695016093,0.762718527892,
11,3.34312558174,66.9442062378,1.75733542442,0.00738977122856,-0.00451815369072,-0.677190069634,0.735757152298,
12,3.38933205605,65.8090515137,1.77860426903,0.00365886811468,-0.00218234366769,-0.710662085723,0.703520610911,
13,3.32370686531,64.7155609131,1.7237610817,0.00726114985412,0.00183315219059,-0.7233279864,0.690464002933,
14,3.34106302261,63.6533164978,1.70294070244,0.0062003300993,-0.00038698460942,-0.692795753643,0.721107100148,
15,3.30676674843,62.6191749573,1.67139983177,0.00533405349114,-9.51182643432E-05,-0.722174808044,0.691690021218,
16,3.26766848564,61.5778770447,1.65737533569,0.00546210251163,0.00295852273021,-0.702868459546,0.711292725364,
17,3.30051231384,60.5526428223,1.6496591568,0.00832980752278,-0.000454116789636,-0.679789783802,0.733359569326,
18,3.38119649887,59.5397911072,1.60767555237,0.00665938063562,0.00112826689228,-0.664675714728,0.747101448208,
19,3.45861363411,58.5234375,1.62405598164,0.00487925421426,0.000424612299446,-0.701499651222,0.712652967382,
20,3.44450521469,57.495174408,1.55956315994,0.00422567888882,0.00262049691861,-0.70574568136,0.708447817327,
21,3.43321061134,56.4410247803,1.57015359402,0.00325266461684,0.00273740075383,-0.705565388008,0.708632069593,
22,3.4257080555,55.4054756165,1.51740384102,0.00332718785852,0.00167935914644,-0.705491300627,0.708708779622,
23,3.43285608292,54.4058113098,1.48372864723,0.00321438535877,0.00360011017167,-0.709324888117,0.704865171527,
24,3.38072395325,53.3677330017,1.54025411606,0.00326077426002,-0.00234897319796,-0.709903426997,0.704287564859,
25,3.40425896645,52.3099975586,1.50466775894,0.00413440665098,-0.00089307655766,-0.685515344571,0.728045892409,
26,3.48823714256,51.2700386047,1.46543192863,0.00512007170191,0.00113575911306,-0.663134700655,0.748481705658,
27,3.50728297234,50.2349052429,1.44598865509,0.0026461334536,0.000263743681878,-0.733448890949,0.67973940064,
28,3.41705656052,49.2307395935,1.39586210251,-7.13088533865E-05,0.00526449320328,-0.73069445404,0.682684330318,
29,3.27216601372,48.1578674316,1.41694998741,-0.00058708822534,0.00170527663156,-0.735916880949,0.677069488083,
30,3.2889585495,47.1536026001,1.35897767544,0.00227539525745,0.00217587271549,-0.694595034837,0.719394068459,
31,3.31994485855,46.1530151367,1.36341810226,0.00361911746726,-0.000522748723979,-0.699460199975,0.714662198086,
32,3.31870722771,45.0880470276,1.30841648579,-0.000428843234263,0.00637609986511,-0.712283774545,0.701862512152,
33,3.26065182686,44.0466156006,1.32103049755,0.000119502423325,0.00356391614482,-0.724655019321,0.68910259555,
34,3.19776797295,43.0211410522,1.29905068874,0.00312744594738,0.00394464374329,-0.71347063769,0.700667045052,
35,3.18239855766,42.0198898315,1.25194752216,0.00205398649056,0.00186398922746,-0.696405247417,0.717643391981,
36,3.24511384964,40.9592208862,1.22584748268,0.00347384798022,0.00343991012199,-0.694921192527,0.719069284266,
37,3.24084973335,39.9537200928,1.22069740295,0.00403495649914,0.0044900445207,-0.704930120747,0.709251072251,
38,3.22620654106,38.934841156,1.188382864,-0.000591129848192,0.00451904544466,-0.713613118123,0.700525193291,
39,3.17175459862,37.8637695312,1.1553965807,-0.000544583462157,0.00324780545378,-0.711361938019,0.702818147408,
40,3.15717554092,36.8430328369,1.15478014946,0.00174787566959,-0.00154093911771,-0.717932233826,0.696109099259,
41,3.11063218117,35.7868728638,1.13090693951,-0.000849111503041,-0.000801815899253,-0.726569721196,0.687091752492,
42,3.03767585754,34.7653579712,1.12651801109,0.00292914219841,-0.00435257151945,-0.721315992872,0.69258624999,
43,2.98623251915,33.7560157776,1.12455463409,0.00275801455046,-0.000556069903522,-0.71594907787,0.698146834154,
44,2.96109771729,32.6995544434,1.10499739647,0.000171310212299,0.000165347335114,-0.712236643742,0.701939389566,
45,2.92608714104,31.6719493866,1.09124338627,0.00154694288466,0.00221550673131,-0.708803505903,0.705400799913,
46,2.9308962822,30.5217723846,1.07941973209,0.00381058914499,0.000166704043865,-0.698898261339,0.71521092827,
47,2.95821428299,29.3908786774,1.05483651161,0.000698350928129,0.000320448052965,-0.691706827135,0.722178007775,
48,2.99298119545,28.21717453,1.03985905647,0.00373154600634,0.0015062950148,-0.686045817359,0.727547210237,
49,3.06532502174,27.1826248169,1.01552772522,0.00234239039389,0.000777948193454,-0.679615011792,0.733564819052,
50,3.14619159698,26.068315506,0.98548489809,0.0031713552815,0.00199365873842,-0.675708339379,0.737159553912,
51,3.22249722481,25.0298309326,0.97556501627,0.00077542611993,-0.00038501221355,-0.674525377586,0.738251153384,
52,3.25312709808,23.8503055573,0.96747803688,-0.00043813969528,-0.000308218428035,-0.698415576211,0.715692249462,
53,3.27387571335,22.7967662811,0.965374290943,0.000396273424788,-0.00401873278626,-0.701130920571,0.713021125194,
54,3.23876810074,21.721622467,0.946109414101,0.00754666008367,0.000282258666422,-0.716893517196,0.697141774142,
55,3.17249393463,20.6369934082,0.90629273653,0.00210129493178,-0.000405695875917,-0.729376935275,0.684108694769,
56,3.11535477638,19.5886077881,0.896824061871,0.00365163765408,-0.00140669281035,-0.712531014373,0.70162970313,
57,3.15676474571,18.520072937,0.858758211136,0.00888420514719,-0.00462898442915,-0.672844158403,0.739716419924,
58,3.22869777679,17.4868354797,0.930511415005,0.0143399306141,-0.00270802186125,-0.683044255385,0.730231181335,
59,3.24042987823,16.3394775391,0.829085111618,0.00802853899377,-0.00298019400301,-0.693473528522,0.720431208544,
60,3.19527292252,15.255194664,0.828558564186,0.00634660830983,-0.00506028917846,-0.740954901753,0.671505731625,
61,3.0920817852,14.203663826,0.780602693558,0.00725427099139,-0.00162773995034,-0.726431796028,0.68719834963,
62,3.10384869576,13.1762857437,0.788974165916,0.00751580692658,-0.000914138095201,-0.668330014616,0.743826369902,
63,3.19104266167,12.1754055023,0.776273190975,0.00796589251163,-0.00137264898878,-0.665267807888,0.746561051876,
64,3.26629209518,11.0434465408,0.750515639782,0.00229901617223,-0.00430439193549,-0.698344637635,0.715745034088,
65,3.2700445652,9.90328025818,0.739408910275,0.00507302598926,-0.00544601545181,-0.706882295263,0.707292037257,
66,3.28707051277,8.78036689758,0.72755753994,0.00703998009564,-0.0032125627384,-0.685824451436,0.727725868671,
67,3.3017873764,7.72756719589,0.67419975996,0.00511966792361,-0.00106773845391,-0.689868327882,0.723915975179,
68,3.31119799614,6.68806695938,0.675715267658,0.00149750677387,0.000581443484066,-0.702294276378,0.711884940678,
69,3.31859064102,5.64655828476,0.634086668491,0.00604199902083,0.000567373630392,-0.713968025051,0.700152006024,
70,3.30815124512,4.60851240158,0.62072622776,0.00375901062592,-0.00118011581912,-0.706427871483,0.70777407381,
71,3.31507730484,3.57746958733,0.584110498428,0.00425703641843,-0.00163814281888,-0.687370960176,0.726292198248,
72,3.30153775215,2.51318764687,0.570620954037,0.00435085169909,-0.0012447349418,-0.692240065842,0.721653110551,
73,3.36414456367,1.4763481617,0.551098883152,0.00401712267505,-0.00213053857022,-0.702059862939,0.712103414105,
74,3.3535888195,0.468534886837,0.543622851372,0.00254516363175,-0.00424573936476,-0.692636072606,0.721270245307,
75,3.34348845482,-0.555749237537,0.530597984791,0.00441273485911,-0.00317863722377,-0.712291618418,0.701862575129,
76,3.31681394577,-1.63320100307,0.526633799076,0.00149805058714,-0.0019438613392,-0.731814037691,0.68149995707,
77,3.23998856544,-2.70020341873,0.475686103106,0.00597944502354,-0.000118076199431,-0.741764787391,0.670633456131,
78,3.12916636467,-3.72619080544,0.473804920912,0.00310842130045,-0.00249485354715,-0.736249954417,0.676697951854,
79,3.04799437523,-4.74904918671,0.459376215935,0.00301315132526,-0.00316712497834,-0.714091950344,0.700038268019,
80,3.02666378021,-5.79934978485,0.427858561277,0.00395753737247,-0.00342774508977,-0.709600640231,0.704584643493,
81,3.00624465942,-6.86707544327,0.402193456888,0.00273403251538,-0.00168064850327,-0.706373155074,0.707832371595,
82,2.99446558952,-7.9282450676,0.384319126606,0.00350609843282,-0.00231253716322,-0.702791082509,0.71138390043,
83,3.01679706573,-8.97276687622,0.357900559902,0.00373389988408,-0.0025017911292,-0.699759420208,0.714364439808,
84,3.0488140583,-10.0005130768,0.301515758038,0.00630953162807,-0.00214904276694,-0.696765604365,0.717267916471,
85,3.06112360954,-11.0794849396,0.298711627722,0.000137359651049,-0.00374187960273,-0.693475918595,0.720470075575,
86,3.10078287125,-12.1428461075,0.293232858181,0.00408514505528,-0.00315551455585,-0.68823521463,0.725469257557,
87,3.14270806313,-13.1951112747,0.292691498995,0.00624088905367,-0.00474207523817,-0.684986422849,0.728513668052,
88,3.17459440231,-14.2565908432,0.264337450266,0.00730802276004,-0.00400500842254,-0.730957640254,0.682371951991,
89,3.017162323,-15.2502174377,0.224921703339,0.00599355438184,-0.00428422674758,-0.752608499244,0.658427041951,
90,2.87088918686,-16.2718257904,0.22188025713,0.00703820628319,-0.00612385659091,-0.732800434107,0.680379662986,
91,2.80873799324,-17.2893161774,0.207341596484,0.00577954929771,-0.00338946370964,-0.707571378558,0.706610113565,
92,2.84019184113,-18.3347511292,0.172232374549,0.00711269637247,-0.00297543805166,-0.700512423212,0.713598557484,
93,2.8409986496,-19.3923740387,0.107015348971,0.00536672745214,-0.00103267000585,-0.6955526968,0.718454297644,
94,2.86638259888,-20.5340709686,0.12410672754,0.00744882485357,-0.00498962297452,-0.690936257579,0.722860087869,
95,2.9091322422,-21.5810947418,0.0623046606779,0.00645749380764,-0.00477693830013,-0.685180895163,0.728328650088,
96,2.96204590797,-22.6776237488,0.0465565621853,0.00520810609845,-0.00034162863686,-0.687285474854,0.726368663266,
97,3.00334835052,-23.6903781891,0.0252638757229,0.00590840588535,-0.000488253456162,-0.694732054221,0.719244204139,
98,3.03462195396,-24.6939182281,0.0735150948167,0.0036074796061,-0.00490857987204,-0.697830675253,0.71623686069,
99,3.06139183044,-25.7746105194,0.0360618047416,0.0065588198265,-0.00245791342249,-0.676969350143,0.73597787977,
100,3.14673352242,-26.8169250488,-0.0048997332342,0.00297011289485,-0.00181981730589,-0.670088298266,0.742273224104,
101,3.22320485115,-27.8496665955,-0.0380981601775,-0.000534931342128,-0.00200417239879,-0.691853595051,0.722034833063,
102,3.18956279755,-28.8831939697,-0.0265168920159,0.000288247022297,-0.00257040608464,-0.721833411641,0.692062017282,
103,3.06660962105,-29.9596290588,-0.0917538180947,-6.39205644935E-05,0.000154361539485,-0.691448210411,0.722426013102,
104,3.13603496552,-30.9670619965,-0.0599398501217,-0.00288091921986,0.000768507000806,-0.705257421554,0.708945046562,
105,3.23215508461,-31.9970207214,-0.0457251854241,-0.00194335348639,-0.00189764139664,-0.688846663365,0.724901991103,
106,3.24117422104,-33.0890045166,-0.0799549669027,0.000699865547732,-0.00557247048934,-0.698609834363,0.715480787367,
107,3.1966252327,-34.104221344,-0.0789922177792,0.00483402875649,-0.00759222320716,-0.722096815634,0.691733459624,
108,3.13600635529,-35.1495475769,-0.0689095854759,0.00545834882396,-0.0130684271031,-0.708187987788,0.705881857391,
109,3.20538806915,-36.1968078613,-0.0972732082009,0.0157498216244,-0.0151861993975,-0.622598756273,0.782235329779,
110,3.57555150986,-37.2067108154,-0.109474048018,0.019961858422,-0.011493270991,-0.494979952911,0.868599030132,
111,4.22868824005,-38.0554924011,-0.112502127886,0.0226718619349,-0.0165550706025,-0.391688980208,0.919669320516,
112,5.00003623962,-38.7846641541,-0.0978594049811,0.0243361886797,-0.0206763496639,-0.332998122628,0.942386592016,
113,5.83384227753,-39.4512176514,-0.109812907875,0.02247760747,-0.0217622377859,-0.310299500683,0.95012387721,
114,6.64046049118,-40.1200790405,-0.090932302177,0.02482915815,-0.0198372870897,-0.357420142679,0.933402826519,
115,7.39550733566,-40.8345985413,-0.0917251855135,0.0257806225676,-0.0195189856097,-0.382492998135,0.923392373305,
116,8.09777450562,-41.5901870728,-0.0910256505013,0.0268159364627,-0.0140988689689,-0.403180800765,0.914618701613,
117,8.76937198639,-42.3828086853,-0.0886670053005,0.0227256190239,-0.016714922446,-0.42798334717,0.903346230497,
118,9.47805404663,-43.1461143494,-0.077940300107,0.0237437228333,-0.0195814936041,-0.356175249355,0.933912197415,
119,10.2268104553,-43.8603668213,-0.0681613683701,0.0248419396691,-0.0195141606277,-0.328188343569,0.944083940502,
120,11.0283250809,-44.5447235107,-0.0693438947201,0.0214107095078,-0.0187314292974,-0.336838165949,0.941132703201,
121,11.8036880493,-45.2401771545,-0.0759507194161,0.0231421375564,-0.0160531243374,-0.352886639694,0.935242085342,
122,12.5803899765,-45.963394165,-0.0752836018801,0.0250688959745,-0.016114650915,-0.367708654556,0.929463401025,
123,13.3252315521,-46.7055168152,-0.0679029449821,0.0221679880608,-0.014099536875,-0.382108354994,0.923744005885,
124,14.0421791077,-47.4810562134,-0.0806168988347,0.0221476734877,-0.0141783593162,-0.400321347315,0.915997420067,
125,14.7217588425,-48.2743301392,-0.103218659759,0.0223079409249,-0.0127240469418,-0.415873036266,0.909059993679,
126,15.3938922882,-49.1008071899,-0.11487377435,0.025022801495,-0.0169156976862,-0.417369017147,0.908235003786,
127,16.1096820831,-49.8720550537,-0.104134052992,0.0191571143644,-0.0170702591037,-0.372501125404,0.927676949588,
128,16.9041137695,-50.6131591797,-0.107624568045,0.0248570418443,-0.0213147416765,-0.330322386336,0.943300021384,
129,17.7025032043,-51.265296936,-0.08615154773,0.0208246958643,-0.0152494125059,-0.334343203648,0.942097876887,
130,18.4682426453,-51.9334754944,-0.0840622410178,0.0205733476465,-0.0141570500938,-0.363646852921,0.931202062745,
131,19.2278079987,-52.7079849243,-0.097842425108,0.0205373832279,-0.0171909580792,-0.394218147451,0.918626550384,
132,19.9334163666,-53.4945220947,-0.0910163074732,0.0231435361427,-0.0185112963382,-0.406997490658,0.912948383667,
133,20.630147934,-54.3139457703,-0.08165769279,0.0236733332665,-0.0189831006246,-0.417716159309,0.908070716098,
134,21.2500610352,-55.1106834412,-0.107292488217,0.02473089768,-0.0146095402771,-0.399828622234,0.916139736544,
135,22.003484726,-55.8835487366,-0.0923387855291,0.0226377355531,-0.0159551522919,-0.364450180918,0.930810953778,
136,22.7769317627,-56.5353126526,-0.100291483104,0.024901233066,-0.0164949226756,-0.359927800322,0.932501916713,
137,23.520488739,-57.2423858643,-0.0996095910668,0.0230905040313,-0.015887034963,-0.34874995082,0.936796617493,
138,24.3515625,-57.9706726074,-0.109680861235,0.024094012972,-0.0153332173454,-0.368176942324,0.929317012717,
139,25.0641040802,-58.7234268188,-0.100251220167,0.0239955486429,-0.0146825974139,-0.397981904892,0.916961852182,
140,25.7691268921,-59.5365142822,-0.101183533669,0.0281314829576,-0.01851372129,-0.40404364066,0.914119575457,
141,26.4909706116,-60.3106803894,-0.123575173318,0.0248217838749,-0.0177321462442,-0.375962009084,0.926132829437,
142,27.2596549988,-61.0090866089,-0.126826763153,0.0233488000139,-0.014219405175,-0.385023803341,0.922501660115,
143,27.9382762909,-61.7675590515,-0.134940832853,0.0235861412309,-0.0147571668151,-0.368165880668,0.929343749256,
144,28.7557621002,-62.4826889038,-0.160813853145,0.0250072163883,-0.0167057957395,-0.359541688266,0.932644267616,
145,29.5457496643,-63.1909980774,-0.142894148827,0.0203744408887,-0.016713371661,-0.355041369744,0.934479090797,
146,30.2847766876,-63.8917884827,-0.148678824306,0.0206430250213,-0.0160924604047,-0.353593896647,0.935032755838,
147,31.0759754181,-64.6348648071,-0.141293138266,0.0215713780704,-0.0188878960275,-0.349017151259,0.936677613248,
148,31.866689682,-65.3153381348,-0.152151331306,0.0231188339179,-0.0205844294246,-0.350126624335,0.936190764596,
149,32.6827507019,-66.0165252686,-0.153164744377,0.0222173484596,-0.0173884893292,-0.363775468424,0.93105930984,
150,33.4362449646,-66.7406692505,-0.14140881598,0.0244314452783,-0.0179239924542,-0.377215836169,0.925629541404,
151,34.2158584595,-67.5606994629,-0.134093314409,0.0232760674782,-0.0168656899575,-0.389769020398,0.920463950366,
152,34.9424324036,-68.3206253052,-0.159330025315,0.0245413322734,-0.015726150929,-0.400803696474,0.915700173681,
153,35.6284065247,-69.1313400269,-0.164944365621,0.0243870284565,-0.0176437435158,-0.410609784346,0.911314202763,
154,36.3311042786,-69.9339904785,-0.175872221589,0.029683379231,-0.016650380463,-0.420504615035,0.906651824331,
155,37.0229187012,-70.7029266357,-0.177975043654,0.0289261351068,-0.0192601799624,-0.371049175336,0.927962732904,
156,37.8056678772,-71.4101715088,-0.173827543855,0.0276655672329,-0.0196248389134,-0.340105312084,0.939775429972,
157,38.6435165405,-72.0785675049,-0.177946284413,0.0296443097424,-0.0185560615124,-0.309180221509,0.950360183356,
158,39.5667266846,-72.7397918701,-0.17452685535,0.0240275221403,-0.0178419343285,-0.276252915915,0.960618899464,
159,40.4855461121,-73.298789978,-0.191116213799,0.0216024835913,-0.018432541486,-0.265158558472,0.963786549494,
160,41.3384170532,-73.9362335205,-0.182726696134,0.0248618484202,-0.0190712904599,-0.320872844815,0.946603819892,
161,42.0889053345,-74.6240234375,-0.177597299218,0.024666286148,-0.0189060438335,-0.384013683682,0.922804218986,
162,42.8052597046,-75.3821182251,-0.176360219717,0.0233498473803,-0.0174059696784,-0.38901006701,0.920773036427,
163,43.5135917664,-76.1794586182,-0.166688993573,0.0239817949609,-0.0179563264467,-0.402186817261,0.915067324229,
164,44.2024154663,-76.9955368042,-0.173880562186,0.0255585121353,-0.0203331848549,-0.423371080104,0.905367468259,
165,44.9264717102,-77.8720321655,-0.186029672623,0.0239949095447,-0.0169142264464,-0.426697475899,0.903917815579,
166,45.5827674866,-78.6713104248,-0.187018349767,0.0254919991826,-0.0191085766019,-0.404000463482,0.914203831639,
167,46.2915115356,-79.4335327148,-0.208654180169,0.0276092985105,-0.0190988611103,-0.3996260431,0.916063308847,
168,46.9917106628,-80.2283706665,-0.231430277228,0.0268997907602,-0.0165862052713,-0.393460157269,0.918798347677,
169,47.6805000305,-80.9610137939,-0.229379653931,0.0273252220442,-0.016550417094,-0.391520708691,0.919614566327,
170,48.3719215393,-81.7445831299,-0.225294798613,0.0271586768603,-0.020026896138,-0.395784019709,0.917723454775,
171,49.0574989319,-82.5317077637,-0.22041618824,0.0250814442195,-0.0168462231539,-0.405978151613,0.91338319797,
172,49.7921600342,-83.3115005493,-0.244131907821,0.0254622225331,-0.017800559524,-0.393560220282,0.91877373075,
173,50.5266151428,-84.0371017456,-0.230906814337,0.0239070912254,-0.0208403395487,-0.346062174471,0.93767537167,
174,51.3088645935,-84.7390594482,-0.198599815369,0.0248959199611,-0.0190426426966,-0.337883430681,0.940665912107,
175,52.1179122925,-85.4207687378,-0.231773525476,0.0224840767149,-0.0187543626053,-0.331544173897,0.942985260188,
176,52.8937034607,-86.1300964355,-0.238699451089,0.0229817995444,-0.0215879377857,-0.370905792739,0.928135060616,
177,53.659198761,-86.8613052368,-0.226045504212,0.0265518641834,-0.0187118394904,-0.371662289101,0.92779955186,
178,54.3901367188,-87.6191253662,-0.19710855186,0.0252523689,-0.0165076471609,-0.378887529274,0.924950839565,
179,55.1306610107,-88.3711242676,-0.229242637753,0.0234036598126,-0.01161743137,-0.397213731663,0.91735410577,
180,55.8293991089,-89.1623306274,-0.23691727221,0.0229442008184,-0.0179988137993,-0.410780311625,0.911267876056,
181,56.5853157043,-90.0466918945,-0.233729615808,0.0290577392506,-0.0159151062973,-0.416516161753,0.908524432352,
182,57.2830619812,-90.8786849976,-0.25093126297,0.0281212498933,-0.0169845541293,-0.397783718349,0.916890851542,
183,58.0080490112,-91.6222076416,-0.281169891357,0.0289758779456,-0.0186088055018,-0.35245422054,0.935195238054,
184,58.8173294067,-92.291633606,-0.258426934481,0.0262951806892,-0.0181823078941,-0.316562740318,0.948032699117,
185,59.6473083496,-92.9540863037,-0.259447067976,0.0240155795404,-0.0174874165628,-0.355289609825,0.934284076366,
186,60.4169425964,-93.7020111084,-0.252105772495,0.0250152104026,-0.0176611834034,-0.363896312671,0.930935978182,
187,61.1710548401,-94.4405288696,-0.253023177385,0.027402880848,-0.0224038426768,-0.365564850211,0.930112622345,
188,62.0106506348,-95.2220153809,-0.245374590158,0.0264168653508,-0.0151821324389,-0.361667768466,0.931809034799,
189,62.7872581482,-95.9580688477,-0.257135689259,0.0258424240831,-0.0165642249794,-0.348210893318,0.936913533547,
190,63.6173057556,-96.6570510864,-0.222369253635,0.0222426235494,-0.0217012987954,-0.299456947633,0.953603615682,
191,64.4966278076,-97.2290267944,-0.22798126936,0.0229832405579,-0.0204123840733,-0.249348256114,0.967925902331,
192,65.4351425171,-97.7095718384,-0.20320443809,0.0222342667719,-0.0201999498087,-0.201616963985,0.979003676828,
193,66.4335327148,-98.1199035645,-0.20274913311,0.0190407124756,-0.0153205501086,-0.156479280174,0.987378836561,
194,67.431427002,-98.4345321655,-0.192054390907,0.0209250836751,-0.0141176378087,-0.11622605824,0.992901977318,
195,68.44972229,-98.6503143311,-0.178990513086,0.0235697089551,-0.012678674641,-0.067016083211,0.997392883783,
196,69.5071792603,-98.7608795166,-0.169977128506,0.0225457795731,-0.0154657862682,-0.0210631133161,0.999404243805,
197,70.597869873,-98.7723846436,-0.14720518887,0.022781384967,-0.0146816180905,-0.0269565882601,0.999269133386,
198,71.6518249512,-98.8921203613,-0.139409914613,0.0239842988872,-0.0109584420675,-0.0371420336562,0.998962028953,
199,72.7382354736,-98.9302825928,-0.157275915146,0.022757385505,-0.011709529802,-0.0354387821198,0.999044083631,
200,73.7925491333,-99.041519165,-0.138888821006,0.0235005153597,-0.00868379770094,-0.0250163675146,0.999373052864,
201,74.8788757324,-99.0746078491,-0.147274449468,0.0250263933767,-0.00952607662181,-0.0100022990539,0.999591360263,
202,76.007774353,-99.1042633057,-0.119172148407,0.0246632765783,-0.0103626888913,-0.033297061581,0.999087405164,
203,77.0371322632,-99.2392272949,-0.139264956117,0.0208795936128,-0.009747661806,-0.0711300594875,0.997200852535,
204,78.0993728638,-99.4163970947,-0.134929135442,0.0213088560748,-0.00896812190204,-0.057593075271,0.998072413767,
205,79.1741714478,-99.5140304565,-0.150231793523,0.0171407311385,-0.0103171878746,-0.0163099104475,0.999666813389,
206,80.2001953125,-99.5237350464,-0.12756806612,0.0183348176467,-0.0120388119875,0.000194462405708,0.999759402883,
207,81.2643203735,-99.5657653809,-0.125179648399,0.0204909443227,-0.0113560937248,-0.0212232478983,0.999500242163,
208,82.3226547241,-99.6411972046,-0.122209370136,0.0221918510095,-0.0111299758165,-0.0338090219683,0.999119910431,
209,83.380607605,-99.700592041,-0.103616386652,0.0225580923313,-0.0119144882558,-0.00853062669423,0.999638137452,
210,84.4326858521,-99.7058944702,-0.11326661706,0.0242068435507,-0.0142050605244,0.0229065842125,0.999343551228,
211,85.5017776489,-99.6550216675,-0.121357999742,0.0230249627723,-0.0118157650261,0.02957874029,0.999227369976,
212,86.593421936,-99.6081085205,-0.107673473656,0.0239969863809,-0.0112584896112,0.0142532824908,0.9995470149,
213,87.6703033447,-99.6112060547,-0.104065030813,0.0243401491446,-0.00816259609173,-0.0215016034176,0.99943914783,
214,88.7311706543,-99.7066650391,-0.112610541284,0.0231060702994,-0.00874711205148,-0.0602562421283,0.997877138144,
215,89.7943496704,-99.8767089844,-0.104403540492,0.0231027549465,-0.00904689480313,-0.0838137063045,0.9961725147,
216,90.8782653809,-100.020698547,-0.110540777445,0.0216294902485,-0.0106823116405,-0.0382260541807,0.99897788872,
217,91.9485702515,-100.108695984,-0.074038900435,0.0231027846051,-0.0101134308885,-0.0118438471993,0.999611776212,
218,93.0253601074,-100.181495667,-0.0929405912757,0.0214543527333,-0.0111664232701,-0.033376277299,0.999150161814,
219,94.0795135498,-100.290939331,-0.0942978262901,0.0244098056495,-0.00929807796535,-0.0464318675854,0.998579886042,
220,95.1538391113,-100.36428833,-0.0967065095901,0.023612151103,-0.00860302853837,-0.00935363608273,0.999640417206,
221,96.2288742065,-100.438690186,-0.0940799936652,0.0250480920456,-0.00925865550309,-0.0273934039608,0.999267967966,
222,97.2862625122,-100.531051636,-0.116232968867,0.0229849848953,-0.00980251135942,-0.0445943215327,0.998692619242,
223,98.3515472412,-100.663200378,-0.0717093199492,0.0233624662935,-0.0082998237475,-0.0648265333647,0.997588506683,
224,99.4122238159,-100.856002808,-0.107205376029,0.0198078907008,-0.0102304432682,-0.0836253333631,0.996247855263,
225,100.432914734,-101.017059326,-0.12505197525,0.0181917403397,-0.00927105129077,-0.0710345130938,0.997264862582,
226,101.483657837,-101.163253784,-0.0959081351757,0.0210395554777,-0.00734155142894,-0.046068077182,0.998689727089,
227,102.579833984,-101.243095398,-0.0622887350619,0.0218754746732,-0.0131047005382,-0.00174919039431,0.99967328201,
228,103.61277771,-101.260444641,-0.074406594038,0.021757501895,-0.0134035286189,0.0147499240057,0.999564603352,
229,104.777198792,-101.245506287,-0.0392572395504,0.0226894225129,-0.0143295402582,0.0203119981668,0.999433478083,
230,105.821563721,-101.215843201,-0.0605068914592,0.0214651417037,-0.0134353887395,0.015743407803,0.999555342706,
231,106.886375427,-101.235458374,-0.00848965346813,0.0243699629793,-0.013729906633,-0.0395510213391,0.998825966462,
232,107.898284912,-101.316833496,-0.0112541113049,0.0237640461922,-0.0112887793679,-0.0135858610987,0.999561532847,
233,108.9322052,-101.383300781,-0.0210010726005,0.0216443168978,-0.00962255675385,-0.0354521807178,0.999090622932,
234,109.990020752,-101.478935242,-0.0097319604829,0.0234437995849,-0.0102740418282,-0.0299000775185,0.999225108617,
235,111.062782288,-101.554878235,-0.00997534766793,0.0235038472222,-0.0104617271704,-0.0221297629139,0.999424031642,
236,112.14957428,-101.603889465,0.00752236926928,0.0235888941943,-0.0120191270901,-0.0162523875396,0.999517365809,
237,113.22618866,-101.653114319,0.0195114463568,0.0210219026408,-0.01253588991,-0.012642270619,0.999620480016,
238,114.303916931,-101.684616089,0.0282629076391,0.0220247090908,-0.00993354702475,-0.00663866674276,0.999686033181,
239,115.37146759,-101.706718445,0.0278054829687,0.0228052591663,-0.0101360106619,-0.00370790518982,0.999681665772,
240,116.555679321,-101.726524353,0.0383194535971,0.0241698771987,-0.0106242814872,-0.0209012849088,0.999432878171,
241,117.623428345,-101.803825378,0.0373726114631,0.0237355083473,-0.00835894350749,-0.0422768347652,0.998788978188,
242,118.707931519,-101.935173035,0.0560245215893,0.0212859672282,-0.010690407708,-0.0419927025768,0.998833938006,
243,119.881248474,-102.020225525,0.0568563863635,0.0213931487505,-0.00697054157943,-0.0485111106788,0.998569184823,
244,120.962844849,-102.084358215,0.0625244304538,0.0234389897288,-0.0105678919711,-0.00787831041348,0.999638367433,
245,122.04384613,-102.104988098,0.064911134541,0.0256125996391,-0.0127665257641,-0.0233027785779,0.999318763494,
246,123.113021851,-102.18724823,0.0500183999538,0.0263741422878,-0.00858521980464,-0.0470831566224,0.998505821206,
247,124.110321045,-102.340423584,0.0722574591637,0.0258305496904,-0.0124088006062,-0.0520497863375,0.998233251356,
248,125.175933838,-102.435783386,0.0736636146903,0.0241854882605,-0.0130674117089,-0.0324981410091,0.999093677159,
249,126.346992493,-102.49861145,0.11032961309,0.0290462636794,-0.0147582605118,-0.0193802430721,0.999281198908,
250,127.406387329,-102.562614441,0.114239297807,0.0269349200759,-0.0110221505733,-0.0151845957987,0.999461079946,
251,128.477142334,-102.607055664,0.129167661071,0.0257074231876,-0.0115076401327,-0.00998461892113,0.999553405275,
252,129.566757202,-102.635818481,0.128946468234,0.0272721727913,-0.0120880565913,-0.0176660973398,0.999398827538,
253,130.590911865,-102.713829041,0.125803127885,0.0260265982611,-0.0120703532011,-0.0498747740132,0.99834334258,
254,131.631958008,-102.860443115,0.145680934191,0.0250227517023,-0.0108887672774,-0.0568618274674,0.998009032635,
255,132.669006348,-102.947113037,0.151409357786,0.0257504473704,-0.0118871646508,-0.00693627108741,0.999573658076,
256,133.685684204,-102.944007874,0.146377786994,0.0253236290411,-0.0137267346939,0.0159575847663,0.99945767597,
257,134.80178833,-102.954574585,0.193841949105,0.0261140637192,-0.00860319744662,-0.0143885477812,0.999518389207,
258,135.969467163,-103.048110962,0.172416687012,0.0288604514291,-0.0128814696263,-0.0488367657052,0.998306622436,
259,136.998077393,-103.114746094,0.17346458137,0.0281488486519,-0.0141216978184,-0.00171098172397,0.999502522514,
260,138.030471802,-103.145530701,0.201947018504,0.0274463404248,-0.0136212779141,-0.00546948398116,0.999515504597,
261,139.029571533,-103.212760925,0.206872403622,0.0280352667193,-0.0139808266103,-0.0330958955297,0.998961071317,
262,140.129104614,-103.328033447,0.240149989724,0.0302428307263,-0.00967982335734,-0.0460042164244,0.998436419749,
263,141.1824646,-103.454620361,0.221387207508,0.0295377057378,-0.00922914960374,-0.0539171236229,0.998065774645,
264,142.369522095,-103.652030945,0.254582941532,0.0264119375096,-0.00884417861083,-0.072145678655,0.997005110876,
265,143.452758789,-103.841537476,0.278832018375,0.026785179962,-0.012203135897,-0.0718366314659,0.996982013874,
266,144.519454956,-103.990974426,0.280093342066,0.0218523027179,-0.0123007735115,-0.0434465804801,0.998740988686,
267,145.60093689,-104.090377808,0.269442826509,0.0248493202732,-0.0105932009768,-0.0195696053319,0.999443508119,
268,146.793365479,-104.161315918,0.290058493614,0.0211639562823,-0.0129236776986,-0.0181743014645,0.9995272684,
269,147.861831665,-104.251274109,0.318135678768,0.0219882794678,-0.013004060119,-0.0387853942855,0.998920969435,
270,149.016967773,-104.352737427,0.338974237442,0.0168231568198,-0.0174132677855,-0.0246788115179,0.999402179186,
271,150.088394165,-104.401550293,0.342077344656,0.0122857932174,-0.0162470450204,9.68028739101E-05,0.999792520197,
272,151.156173706,-104.430038452,0.357810169458,0.013450442935,-0.0240557646878,0.00126920852862,0.999619324983,
273,152.332977295,-104.47253418,0.362991183996,0.0306405549847,0.00107490306337,-0.0179623424859,0.999368478203,
274,153.411605835,-104.558433533,0.371696263552,0.0267655685187,-0.0097668691876,-0.0445374050198,0.998601337953,
275,154.567550659,-104.699310303,0.386524200439,0.0216090971986,-0.0189682939158,-0.057088336682,0.997954995257,
276,155.712371826,-104.841201782,0.395784944296,0.0232683530188,-0.0137331052867,-0.0496501564277,0.998401145599,
277,156.802764893,-104.954284668,0.405916452408,0.0250926617028,-0.0130488303486,-0.0407745570454,0.998768002017,
278,157.858596802,-105.053375244,0.403974413872,0.0215939882958,-0.0154058030764,-0.0349489912175,0.999037000773,
279,158.954345703,-105.141654968,0.408103644848,0.0249910263352,-0.0138517588068,-0.0231946680221,0.999322562918,
280,159.95892334,-105.227218628,0.385273396969,0.0243188938572,-0.00786018309645,-0.0179968073789,0.999511342531,
281,161.114685059,-105.292358398,0.41869777441,0.0178051033821,-0.0156311721318,-0.0120368177695,0.999646817516,
282,162.113815308,-105.323478699,0.450376659632,0.0156398568215,-0.0150853322522,-0.00819501567846,0.999730298304,
283,163.280441284,-105.350898743,0.428996264935,0.0190098651407,-0.00701965532448,-0.010922839155,0.999734985409,
284,164.381057739,-105.437667847,0.480749487877,0.0178093502869,-0.0153232759884,-0.0395632044886,0.99894082763,
285,165.398544312,-105.528060913,0.491482287645,0.0164208226275,-0.0140896489435,-0.0360729906152,0.999114897159,
286,166.467269897,-105.640174866,0.496535360813,0.0170370800808,-0.010568702477,-0.0391092994292,0.999033784778,
287,167.61831665,-105.723304749,0.486616879702,0.0184679275927,-0.0113716057385,-0.0195022252309,0.999574552219,
288,168.681427002,-105.763908386,0.518243789673,0.0134640915477,-0.0134877164378,-0.00679268580952,0.999795308633,
289,169.818695068,-105.802864075,0.549473822117,0.0159326681059,-0.0146807289287,-0.0182903070851,0.99959796466,
290,170.851303101,-105.876754761,0.559189558029,0.019463077642,-0.0124994478953,-0.0241742660185,0.999440121905,
291,172.03729248,-105.969474792,0.555325984955,0.0222383160997,-0.0151650278958,-0.0230936648689,0.99937088304,
292,173.156188965,-106.024909973,0.577013611794,0.0189365043996,-0.0135454857557,-0.0268141624138,0.999369265743,
293,174.164886475,-106.103500366,0.5879753232,0.0236457366366,-0.0132323026597,-0.0264982536976,0.999281555847,
294,175.174163818,-106.182266235,0.593072712421,0.0231626767548,-0.0107312657413,-0.0175831171119,0.999519466711,
295,176.234176636,-106.207992554,0.585697114468,0.0249060603175,-0.00999838506885,-0.00936686899861,0.999595909466,
296,177.300506592,-106.245452881,0.610446035862,0.0220473492157,-0.0128984450341,-0.0189158452936,0.999494740009,
297,178.313613892,-106.323486328,0.619594812393,0.0241394322136,-0.0121154439601,-0.0336797020706,0.999067656117,
298,179.359634399,-106.421150208,0.619318425655,0.0281314181294,-0.00923682323573,-0.0406765352108,0.998733560012,
299,180.428939819,-106.535202026,0.640002787113,0.0256508170051,-0.0143888496702,-0.05777901685,0.997896077657,
300,181.472061157,-106.687072754,0.623654603958,0.0219394534844,-0.00818380866305,-0.0589850679817,0.997984191965,
301,182.528259277,-106.835357666,0.65391522646,0.0218008644842,-0.0112813110366,-0.0555290149782,0.998155289935,
302,183.590042114,-106.965660095,0.657726466656,0.0189875627044,-0.0125957210859,-0.0223035424635,0.999491556876,
303,184.62387085,-106.979507446,0.661134421825,0.0221042004362,-0.0110754863942,0.018243114055,0.999527851895,
304,185.642501831,-106.947250366,0.681527197361,0.0257365386491,-0.0135563243343,0.0276633008913,0.999193974378,
305,186.663757324,-106.907218933,0.678521454334,0.025307141819,-0.0144629984404,0.010611266787,0.999518769842,
306,187.759552002,-106.930137634,0.679494738579,0.0245290290638,-0.0133374953754,-0.0209237626691,0.999391131693,
307,188.790283203,-107.01738739,0.686929404736,0.0252192298391,-0.0113830381693,-0.050665670567,0.998332312767,
308,189.82421875,-107.159759521,0.66808784008,0.024438582613,-0.0107230799478,-0.0648172742984,0.997540220838,
309,190.915710449,-107.277839661,0.684029400349,0.0236137485587,-0.0107417272962,-0.0277054340059,0.999279447952,
310,191.976699829,-107.317260742,0.693033695221,0.0191000610767,-0.0144242992634,-0.00887093019654,0.999674163843,
311,192.991210938,-107.367935181,0.714016854763,0.0215131623788,-0.0130393357703,-0.0297261355359,0.999241470533,
312,194.010726929,-107.422096252,0.698150575161,0.0230469997224,-0.0146170152834,-0.00757538589108,0.999598815624,
313,195.055679321,-107.431915283,0.679305016994,0.0258703652534,-0.0154676342709,-0.0127925830723,0.999463769383,
314,196.113327026,-107.493354797,0.689327120781,0.0272155090531,-0.0125880083701,0.00401843381989,0.999542250384,
315,197.185928345,-107.511985779,0.716747403145,0.0284819843172,-0.0213082827411,0.00326285737975,0.999361840085,
316,198.255020142,-107.554779053,0.742493510246,0.02788928726,-0.0106929436348,-0.0129880430574,0.999469438928,
317,199.317764282,-107.629394531,0.724541187286,0.0192018999593,-0.0112545595042,-0.0474562425404,0.998625318612,
318,200.403182983,-107.765144348,0.731661975384,0.0255144736156,-0.0136522236399,-0.0559423125141,0.998014572086,
319,201.47064209,-107.895019531,0.747951030731,0.0251682774618,-0.0153496658871,-0.0497424347219,0.998326918276,
320,202.477371216,-107.997573853,0.760303318501,0.0245994125792,-0.0134636679366,-0.0488004711904,0.998414799849,
321,203.532531738,-108.076248169,0.773506522179,0.0204578316378,-0.0154189178121,-0.0162574358642,0.999539608959,
322,204.572814941,-108.116241455,0.797037065029,0.0226295929067,-0.0170086049745,0.00100056083806,0.999598723368,
323,205.646057129,-108.124031067,0.790472209454,0.0234794141061,-0.0117484444854,0.0119828136445,0.999583464921,
324,206.697662354,-108.124237061,0.778185009956,0.0242794633733,-0.0115370778184,0.00800931438007,0.999606549787,
325,207.789581299,-108.106338501,0.810317575932,0.0233029978451,-0.0134983905486,0.0089507705604,0.999597242618,
326,208.812545776,-108.121208191,0.80176204443,0.0256395221692,-0.0162249338357,-0.00455667922232,0.999529190719,
327,209.843704224,-108.144432068,0.831622123718,0.0284551037007,-0.0117934755504,-0.0113777875055,0.999460738078,
328,210.888412476,-108.23260498,0.801936507225,0.0294919188141,-0.0106468749674,-0.0314983533123,0.999011874062,
329,211.939437866,-108.323249817,0.825135350227,0.0297662191937,-0.0122373457569,-0.0348615986187,0.998873810101,
330,212.937240601,-108.408714294,0.830571472645,0.0273390112368,-0.00996771847052,-0.0339652107441,0.998999293049,
331,214.035186768,-108.486160278,0.845488548279,0.0267071122786,-0.0147486198646,-0.0356713316396,0.998897774782,
332,215.111862183,-108.575271606,0.857830941677,0.0294122920047,-0.010991304979,-0.0369440553765,0.998823930964,
333,216.121902466,-108.665756226,0.87228178978,0.0295076632749,-0.011321091926,-0.0371455518884,0.998809961234,
334,217.122787476,-108.748908997,0.927949488163,0.0281567401337,-0.0151416449501,-0.0365592739873,0.998819977803,
335,218.158004761,-108.865158081,0.888950943947,0.0286099390314,-0.0111969059491,-0.0364954171695,0.998861444451,
336,219.165176392,-108.951942444,0.927640676498,0.0292641807128,-0.0107405154353,-0.0308380184802,0.999038170278,
337,220.239074707,-109.006965637,0.934858620167,0.0279554208071,-0.0112351081559,0.0100803346555,0.999495199411,
338,221.298492432,-108.953918457,0.961487531662,0.0260191526233,-0.0118124264014,0.0473552639442,0.998469303112,
339,222.37689209,-108.899711609,0.995025992393,0.0263140557541,-0.0124071945526,-0.00904199806529,0.999535829405,
340,223.396102905,-108.97882843,0.977518856525,0.0279708994369,-0.0115451496682,0.000906195015388,0.999541653516,
341,224.441650391,-108.939361572,0.994348585606,0.026556659491,-0.0149168537555,-0.0147831189468,0.999426681005,
342,225.438720703,-109.070648193,0.999906241894,0.0271257402628,-0.0137638650558,-0.0542901243559,0.998061787983,
343,226.439620972,-109.092445374,1.00857675076,0.0312248185605,-0.0152436072233,-0.00486310856798,0.999384307121,
344,227.506378174,-109.159545898,1.03488075733,0.0308555875394,-0.0125706932646,-0.0190908748075,0.999262452456,
345,228.595169067,-109.207626343,1.00886309147,0.0293187842217,-0.0103099698524,-0.015596791591,0.999395243888,
346,229.687088013,-109.25945282,1.04155600071,0.0259198956743,-0.0108115137255,-0.0116535477405,0.999537625607,
347,230.716064453,-109.306991577,1.02726697922,0.0260148895344,-0.00718882897303,-0.0157205127026,0.999512086841,
348,231.793609619,-109.353302002,1.01116836071,0.0276117412586,-0.0106590704449,-0.0112434453195,0.999498654776,
349,232.856994629,-109.370834351,1.05595541,0.0295714020094,-0.0126441777823,-0.00526231685611,0.999468841422,
350,233.951278687,-109.42515564,1.05552721024,0.0294009994647,-0.0113906530397,-0.0224295056003,0.999251095337,
351,235.060089111,-109.516456604,1.04190409184,0.0264549343936,-0.0126108111637,-0.0298458266011,0.999124782258,
352,236.082092285,-109.562408447,1.06010222435,0.0275701965445,-0.0149612231431,-0.0474688922149,0.99838006307,
353,237.07699585,-109.747161865,1.08289563656,0.0252825149241,-0.0128455554351,-0.0617835875271,0.997686611345,
354,238.113327026,-109.832969666,1.07801616192,0.0282127845535,-0.0106908646754,-0.0577729025161,0.997873757514,
355,239.201721191,-109.999664307,1.07662045956,0.027864873282,-0.0115107609409,-0.0136029856128,0.999452855317,
356,240.245925903,-110.012443542,1.07400763035,0.0295270732899,-0.00859223246764,-0.0206847289585,0.99931299775,
357,241.322509766,-110.063713074,1.09733271599,0.0311629321433,-0.0125502917075,-0.00128830525001,0.999434691267,
358,242.512680054,-110.114738464,1.06836807728,0.0285833405606,-0.00849131345278,-0.0104188733723,0.999501044179,
359,243.59236145,-110.170036316,1.07942008972,0.0299217012193,-0.00773532779609,-0.0148098224597,0.999412590304,
360,244.684570312,-110.194313049,1.07112443447,0.0282009785201,-0.0143256223957,-0.00469839482538,0.999488572441,
361,245.698562622,-110.204483032,1.13524448872,0.0273429749359,-0.0168444867103,-0.0321640178859,0.998966516427,
362,246.855010986,-110.291854858,1.14068508148,0.0298992790417,-0.0150298139727,-0.0241389588135,0.999148361592,
363,247.939300537,-110.373420715,1.12807357311,0.0307653296506,-0.00522604004707,-0.0225481238126,0.999258607723,
364,248.955734253,-110.446899414,1.13493227959,0.0281570598998,-0.0121533828529,-0.0345047589035,0.998933880132,
365,250.027648926,-110.551635742,1.14824521542,0.0283635258207,-0.0116015540527,-0.0457476933224,0.998482880626,
366,251.112869263,-110.640457153,1.14876186848,0.0301848562586,-0.0116557972749,-0.0258565103379,0.999141860656,
367,252.20401001,-110.695930481,1.16035246849,0.0333929877308,-0.0137032944909,0.00219443870359,0.999345942369,
368,253.312332153,-110.691223145,1.15367054939,0.0337321092333,-0.0108435127582,0.0199402513595,0.999173132852,
369,254.490280151,-110.72127533,1.15564715862,0.0323814777357,-0.00862959024283,-0.0194862867881,0.999248344857,
370,255.656677246,-110.784721375,1.18568873405,0.0344239340461,-0.00951947597808,-0.0181182117672,0.999197729553,
371,256.665405273,-110.80304718,1.19696629047,0.0358358159614,-0.0127398665263,0.00286974856441,0.999272362591,
372,257.761260986,-110.812767029,1.19990956783,0.0370348926797,-0.0104141609504,0.0106354564685,0.999203107002,
373,258.845001221,-110.819107056,1.20819282532,0.0344882201078,-0.0121356144243,-0.00149663262694,0.999330300565,
374,259.885894775,-110.817398071,1.21856069565,0.0320216069347,-0.013454452553,0.0360546832186,0.9987460409,
375,260.930633545,-110.677352905,1.23467600346,0.0300031445641,-0.0137677283036,0.120381118208,0.992178737604,
376,262.040435791,-110.309036255,1.29777169228,0.0284701618831,-0.0138738210846,0.184930928754,0.982241069474,
377,263.024169922,-109.88973999,1.28034007549,0.0253800702618,-0.0153682202957,0.238249881255,0.970750567304,
378,263.933929443,-109.354530334,1.34340429306,0.03070290444,-0.0193873660193,0.300090532642,0.953219352466,
379,264.800628662,-108.673210144,1.38016867638,0.0263481839388,-0.0179747737861,0.368318594127,0.929152352379,
380,265.54864502,-107.907951355,1.45184862614,0.0277402713884,-0.019469302639,0.430846041205,0.901788840237,
381,266.256561279,-107.073516846,1.48498260975,0.0250678982746,-0.0184528529854,0.428927446714,0.902802491217,
382,266.93359375,-106.238525391,1.4979531765,0.0272604847047,-0.0178723022324,0.442710310582,0.896071999167,
383,267.547729492,-105.362434387,1.55581474304,0.0228519158508,-0.0181126608935,0.497276759903,0.867101808047,
384,268.09564209,-104.325256348,1.61326694489,0.0277780988563,-0.0194069536166,0.531740839791,0.846228944597,
385,268.573760986,-103.437347412,1.65515577793,0.0256273997225,-0.0167187982811,0.52492690726,0.850597119794,
386,269.018676758,-102.50819397,1.70826053619,0.02311958611,-0.0188366045834,0.540308184743,0.840938602138,
387,269.49822998,-101.592704773,1.70436251163,0.0207801434015,-0.0179811922563,0.50772851865,0.861078750008,
388,269.964172363,-100.651145935,1.75588822365,0.0204287480334,-0.0178412317521,0.514646474853,0.856973373346,
389,270.487518311,-99.6876602173,1.80454862118,0.0193793269835,-0.0168225707376,0.492053382045,0.87018671101,
390,271.040924072,-98.7810287476,1.86117398739,0.0195635683091,-0.0175451445848,0.448742336323,0.893274733935,
391,271.718200684,-98.0230026245,1.87879002094,0.0188292688654,-0.0145375778724,0.476029867416,0.879107321544,
392,272.363677979,-97.0155944824,1.90232086182,0.0212534662556,-0.0169997295494,0.487969659751,0.872436192813,
393,272.875427246,-96.122505188,1.9366312027,0.0185422788799,-0.0192276574425,0.495731477588,0.868064964856,
394,273.456298828,-95.2588653564,1.98968660831,0.0160460388131,-0.017799129571,0.481802918471,0.875951861336,
395,274.048431396,-94.3493652344,2.02555942535,0.0166207179308,-0.0214251688434,0.493589620044,0.869272109791,
396,274.603271484,-93.415222168,2.06281876564,0.0150627137159,-0.0204485704986,0.5343597046,0.844875539189,
397,275.019073486,-92.4754562378,2.12574863434,0.0147132114138,-0.0218101411548,0.605159750074,0.795669225271,
398,275.198669434,-91.4571914673,2.15846943855,0.010514892849,-0.0256090913532,0.680344473783,0.732369448067,
399,275.205108643,-90.4463577271,2.20195674896,0.00789179008561,-0.029642853983,0.759288137446,0.65003118786,
400,274.810058594,-89.5104064941,2.21789288521,0.00797328715044,-0.0208912727944,0.832349752562,0.553799486116,
401,274.508422852,-88.5078201294,2.2390191555,0.00992983145548,-0.0201080243092,0.771010630141,0.636427273154,
402,274.458557129,-87.4973526001,2.27752184868,0.00964252754341,-0.0204028847055,0.681880834408,0.731115087812,
403,274.625671387,-86.4266357422,2.29105782509,0.0162565155738,-0.0237004764602,0.686243473236,0.726803899658,
404,274.741851807,-85.3341827393,2.34041762352,0.0143822430092,-0.0228897870298,0.656670758266,0.75369272517,
405,274.913970947,-84.2463607788,2.38030838966,0.0131566548184,-0.0262693712098,0.651242237294,0.758300976483,
406,275.024475098,-83.2298736572,2.40350270271,0.00592694666995,-0.0272541774463,0.691488384545,0.721848942061,
407,275.114624023,-82.1363983154,2.46570277214,0.00770892059452,-0.0291647816926,0.677083193687,0.735287927875,
408,275.231750488,-81.0411682129,2.49759984016,0.00886987585701,-0.0285803535351,0.663466439283,0.747607365293,
409,275.356201172,-80.022315979,2.53624391556,0.00683279612679,-0.0301773085719,0.68332977064,0.729453951598,
410,275.38659668,-78.9412689209,2.56789445877,0.00428692813103,-0.0348513462041,0.735486865856,0.676628462355,
411,275.370056152,-77.8512420654,2.58610439301,0.00734143683742,-0.0295468258024,0.700584654107,0.712919512161,
412,275.419219971,-76.846824646,2.66120123863,0.00957562859889,-0.0296241989614,0.696821035812,0.716569018464,
413,275.445220947,-75.7888031006,2.68098187447,0.00586676070451,-0.0291156099967,0.698916390461,0.714586412912,
414,275.470825195,-74.7181854248,2.74037575722,0.00781168872752,-0.0277425530875,0.711750459803,0.70184087316,
415,275.444030762,-73.6605377197,2.76629638672,0.0103756866244,-0.026420034737,0.732551991208,0.680119038896,
416,275.402282715,-72.5701751709,2.81633400917,0.00997051796338,-0.0261511670867,0.726885376488,0.686188279322,
417,275.385345459,-71.4894866943,2.83696746826,0.00897839638617,-0.027196529079,0.705811798291,0.707820204994,
418,275.394744873,-70.4786071777,2.88082838058,0.00827590376425,-0.0267978625197,0.711428708973,0.702198387944,
419,275.362548828,-69.3858642578,2.92819571495,0.0069484463642,-0.0283683863951,0.732148716281,0.680518339939,
420,275.312957764,-68.289642334,2.97150993347,0.00776632600198,-0.0273538882995,0.733260743616,0.679352729329,
421,275.258331299,-67.2281570435,3.00632214546,0.00899445538413,-0.0259742886141,0.726384578174,0.6867385825,
422,275.217010498,-66.1454086304,3.03942990303,0.00865714496952,-0.0271207732735,0.727928096285,0.685062189978,
423,275.200317383,-65.1233673096,3.04267096519,0.00957758244015,-0.0276777318803,0.720758568071,0.692567180586,
424,275.171875,-64.0952529907,3.10610842705,0.00889923595709,-0.0286872224017,0.701831812832,0.71170917752,
425,275.241912842,-63.0793228149,3.12504458427,0.0114029731429,-0.0295332672016,0.67394740208,0.738100709633,
426,275.333587646,-62.0182266235,3.17560958862,0.0107677936191,-0.0309830539037,0.665274201691,0.745878235073,
427,275.442138672,-61.0270271301,3.26039552689,0.00867970776098,-0.0310107080786,0.683839089163,0.72892187427,
428,275.472320557,-59.9670181274,3.28676271439,0.0105986089344,-0.0298065671423,0.732101207276,0.680460917577,
429,275.398681641,-58.8974876404,3.34544682503,0.0097909839367,-0.0268081893402,0.745829935457,0.665524729063,
430,275.326629639,-57.8573074341,3.36889505386,0.0129221476819,-0.0263151434064,0.726299555159,0.686752857658,
431,275.286468506,-56.7791252136,3.39799594879,0.0110443570064,-0.0274843833267,0.735055839197,0.677359243027,
432,275.28036499,-55.7092590332,3.45828604698,0.0101135168309,-0.0263862849875,0.702764144475,0.710861475945,
433,275.327941895,-54.7031822205,3.51888775826,0.0120203718794,-0.0309089690701,0.683577904897,0.729123716682,
434,275.388977051,-53.6657409668,3.5439157486,0.00705629532329,-0.0303227258399,0.696686448958,0.716699890353,
435,275.406768799,-52.5943527222,3.58955192566,0.0079057583076,-0.0270028230562,0.71189903927,0.701717966436,
436,275.388916016,-51.5167236328,3.63452959061,0.00936505357891,-0.0273459711037,0.718075799967,0.695364393061,
437,275.36730957,-50.4260444641,3.66851782799,0.0101534671228,-0.0300265065368,0.728174948006,0.68465798842,
438,275.303955078,-49.3748931885,3.72442317009,0.00700269488052,-0.0292934441082,0.733315915305,0.679220600951,
439,275.252319336,-48.2728843689,3.75662231445,0.00622486765577,-0.0294797498961,0.731594088696,0.681074360664,
440,275.177276611,-47.2240142822,3.81454777718,0.0060988677743,-0.0288948189027,0.729785119579,0.683038485368,
441,275.142364502,-46.1524200439,3.81203603745,0.00614559724994,-0.0271818339195,0.727996772678,0.685013925777,
442,275.122894287,-45.1012878418,3.84137439728,0.00808368208326,-0.0278933072091,0.700478689464,0.713082199402,
443,275.201202393,-44.034488678,3.89242458344,0.00841182730527,-0.0315752171899,0.671268232054,0.740493894273,
444,275.342132568,-43.0065994263,3.95273995399,0.00531598450758,-0.0320484121657,0.674855650804,0.737234352268,
445,275.434082031,-41.9782333374,3.99662923813,0.00170983460335,-0.031019933166,0.688814506386,0.724271645175,
446,275.456390381,-40.9493370056,4.04369354248,0.000288042625728,-0.0320931971009,0.7370968871,0.67502453493,
447,275.283477783,-39.9136695862,4.06441736221,-0.00212113341185,-0.0292771849309,0.787557056091,0.615542224902,
448,275.022735596,-38.9268760681,4.07708740234,-0.000292297579414,-0.0277640417701,0.797891495332,0.602161302496,
449,274.712585449,-37.882194519,4.11198091507,8.64211417124E-05,-0.0284972141352,0.814372471909,0.579642457308,
450,274.364624023,-36.9396438599,4.14165735245,0.00371015616609,-0.0255399924065,0.828901378861,0.558799112071,
451,273.966125488,-35.9606742859,4.15642881393,0.00755102366722,-0.0260465274983,0.86868995638,0.494613303634,
452,273.346832275,-35.0556793213,4.18175077438,0.00768966200404,-0.0253936347914,0.901255224112,0.43247549459,
453,272.640869141,-34.2314186096,4.20381450653,0.00627842748921,-0.0249105160009,0.918965843243,0.393499461872,
454,271.904144287,-33.4537277222,4.16283845901,-0.00939133604412,-0.0064981361687,0.937825593841,0.346918913538,
455,271.099761963,-32.8585510254,4.23073291779,0.0155276083393,-0.0257216232381,0.954527050714,0.296606474866,
456,270.255737305,-32.2435150146,4.18921995163,0.00636859764471,-0.026349295586,0.962481484802,0.269989901662,
457,269.317230225,-31.7064571381,4.21825695038,0.00229227212891,-0.0207779663905,0.972965276182,0.230003462897,
458,268.375762939,-31.2657241821,4.22192955017,0.00314719615564,-0.0190430774356,0.983025704619,0.182449775051,
459,267.423950195,-30.9146938324,4.24212360382,0.00530629904576,-0.0199265296062,0.983946871169,0.177266272384,
460,266.404846191,-30.563457489,4.2659778595,0.0064904687827,-0.0200087368269,0.991203406777,0.130664955746,
461,265.391998291,-30.3130168915,4.24394130707,0.00244281182121,-0.020696926784,0.996421779564,0.0819103601624,
462,264.363739014,-30.1560535431,4.22483873367,3.81538725274E-05,-0.0229302638491,0.99855635556,0.0485737204141,
463,263.268737793,-30.0640697479,4.19116353989,-0.00153896523529,-0.0232666556255,0.999625468826,0.0143253759545,
464,262.178619385,-30.0446224213,4.21977329254,0.0028575602725,-0.0213305565806,0.999689558767,-0.012554990965,
465,261.113922119,-30.0554618835,4.1930398941,0.00346455014149,-0.0235509315439,0.999630006955,-0.0131605360877,
466,260.058654785,-30.0430698395,4.185069561,0.00212272634544,-0.0220000139618,0.999742946993,0.00505305422688,
467,258.998626709,-30.0516109467,4.18463039398,0.00253766357675,-0.0200598264705,0.999669844252,-0.0158545299168,
468,257.929901123,-30.0974655151,4.14176464081,0.00095814553825,-0.0171837134741,0.998745383219,-0.0470261783127,
469,256.881286621,-30.1590652466,4.16337013245,0.00257111315699,-0.0198399691573,0.999273608349,-0.0324348679335,
470,255.867874146,-30.1992816925,4.1207690239,0.00194387076133,-0.0206358660262,0.999438005351,-0.0263449399196,
471,254.77935791,-30.2166309357,4.13471364975,0.00260783055728,-0.0201979223653,0.999773669875,0.00615241232719,
472,253.707794189,-30.197927475,4.11335802078,0.00187215198734,-0.0225497925106,0.999743877436,-0.000425950783307,
473,252.655532837,-30.1836242676,4.08849906921,-0.00109881337293,-0.0228148615015,0.999685543596,-0.0103483636164,
474,251.60458374,-30.1857051849,4.07872772217,-0.00208579334725,-0.0247403848608,0.999501866641,-0.0194828489844,
475,250.533691406,-30.2217330933,4.05950164795,-0.00290510109153,-0.0189236516227,0.999684712201,-0.016245983736,
476,249.463272095,-30.2204360962,4.03636884689,0.00205356931697,-0.0206230451651,0.999726425208,-0.010841937145,
477,248.444458008,-30.2194690704,4.02680826187,-0.00032408465443,-0.0202304778636,0.999781310922,-0.00528706590203,
478,247.361785889,-30.2129592896,4.00892782211,0.00103527201227,-0.0247273594634,0.999686438383,0.00380930675357,
479,246.358703613,-30.1855392456,4.00414943695,0.000907396907845,-0.0242984633324,0.999579909639,0.0157723034366,
480,245.300735474,-30.1700210571,3.99029064178,0.00435102656294,-0.0213998598691,0.999725834161,0.00844814044149,
481,244.249572754,-30.1379566193,3.95143318176,-0.00165144415045,-0.0217199080021,0.999750639869,-0.00491695120365,
482,243.184707642,-30.1603870392,3.94112348557,-0.000402508979396,-0.0184241161159,0.999830101298,0.000398083591246,
483,242.16166687,-30.1077060699,3.92626261711,0.000177653877068,-0.0220849956639,0.99967708835,0.0125674354823,
484,241.128875732,-30.0672664642,3.91211700439,0.00132400040703,-0.0235857437732,0.999434797541,0.023917465951,
485,240.095428467,-30.002035141,3.86644339561,-0.00159388845958,-0.0236628885594,0.999645796538,0.0120751268298,
486,239.036590576,-29.9683265686,3.87870573997,-0.00258500238196,-0.0237852106968,0.999687731356,0.00721257872763,
487,237.845581055,-29.9433288574,3.85613918304,-0.000731116904037,-0.0244216570622,0.999699063092,0.00219804184225,
488,236.793304443,-29.9179458618,3.85582852364,-0.000127330209484,-0.0245807711603,0.999686941354,-0.00466784336162,
489,235.759353638,-29.9239616394,3.81459164619,-0.0025109538705,-0.022793602007,0.999723964263,-0.00511293416468,
490,234.662612915,-29.9097862244,3.80475878716,0.000840675155544,-0.0253733937784,0.999665133134,-0.00501056379735,
491,233.579574585,-29.9053573608,3.76510000229,-0.0022226824237,-0.024052507223,0.999684863341,-0.00683451429375,
492,232.525619507,-29.9113826752,3.78992962837,0.0027771767378,-0.0270014900065,0.999588176312,-0.00931045674286,
493,231.452560425,-29.9138183594,3.7494726181,-0.00278674661885,-0.026239830266,0.999564608714,-0.0132022103106,
494,230.379165649,-29.919046402,3.73437643051,-0.00599284465072,-0.0200432274127,0.999570625048,-0.020516344446,
495,229.333358765,-29.9727268219,3.72073245049,-0.000474906782545,-0.0159094178738,0.99917562026,-0.0373462818125,
496,228.257080078,-30.0341815948,3.68940019608,-0.00285480816211,-0.0144187201961,0.998446744321,-0.0537405743712,
497,227.198913574,-30.1371364594,3.65504026413,-0.00396614539015,-0.0137568615885,0.99942352223,-0.0307837889603,
498,226.03288269,-30.1693954468,3.62743449211,-0.00114206995225,-0.0185666965516,0.999819432058,-0.00388287707166,
499,224.977661133,-30.1195907593,3.62727952003,-0.000754743133895,-0.0160596327814,0.999697644172,0.0186048056769,
500,223.920440674,-30.0302639008,3.60340023041,0.00126392340341,-0.0139239487149,0.99957848934,0.0254434627924,
501,222.853561401,-29.9668750763,3.59186339378,-0.000999350393778,-0.0140855153623,0.999519766866,0.0275832413007,
502,221.761810303,-29.8555469513,3.60759568214,-0.00184541220655,-0.0117009401814,0.999913923644,0.00564160926987,
503,220.758773804,-29.885187149,3.55665874481,-0.00422371555387,-0.00907788364391,0.999224623016,-0.0380776182814,
504,219.607330322,-30.0451889038,3.53680491447,-0.00243007903969,-0.0189300679885,0.99710785479,-0.0735640751798,
505,218.565963745,-30.1515750885,3.48773002625,-0.00473222779343,-0.0152795056196,0.998858463459,-0.0450101400281,
506,217.518386841,-30.2068061829,3.50301241875,-0.00245977846089,-0.0117442855609,0.999502918895,-0.0291536681593,
507,216.423233032,-30.2501735687,3.46460938454,0.000688918652843,-0.0077318368796,0.999925498251,-0.00942029918249,
508,215.373565674,-30.2020225525,3.47447657585,0.00869661019809,-0.0112124788988,0.999800670462,0.0140452352077,
509,214.300872803,-30.1822681427,3.43414020538,-0.000347290721348,-0.0138024536274,0.999891039213,-0.00522315661705,
510,213.228256226,-30.1841449738,3.4129011631,-0.00213112578532,-0.0176412310979,0.999838563554,-0.00266309925029,
511,212.133956909,-30.152967453,3.38897800446,0.00142718447931,-0.0178754871189,0.999770352703,0.0117333695031,
512,211.058410645,-30.0860691071,3.3994140625,-0.00503408454409,-0.0205205375508,0.998496038498,0.0505887994996,
513,209.997924805,-29.9157752991,3.39006114006,-0.000873819081189,-0.0213610597939,0.994382164572,0.103667990943,
514,208.976593018,-29.6022491455,3.36115264893,-0.00418746532882,-0.0217072696656,0.98654433902,0.161992366257,
515,207.976867676,-29.1990432739,3.34590029716,-0.00310514775469,-0.0235243193795,0.97574937751,0.217600819722,
516,207.032974243,-28.6499004364,3.34513258934,0.00137533480028,-0.0231059810383,0.961875856791,0.272505152643,
517,206.159698486,-28.0266342163,3.34542512894,-0.00447320178843,-0.0290181308112,0.944450759252,0.327338818198,
518,205.38822937,-27.246049881,3.35286259651,0.00371906361195,-0.027578867251,0.921210824926,0.388067250212,
519,204.710525513,-26.447807312,3.32776880264,0.00100996647217,-0.0296696242475,0.897747694864,0.439508554788,
520,204.109863281,-25.5795917511,3.35250163078,0.00138746542748,-0.031893174509,0.877392356915,0.478710301108,
521,203.573104858,-24.6279220581,3.38068723679,-3.12847729336E-05,-0.0298175287862,0.863932494385,0.502724138216,
522,203.085830688,-23.6661682129,3.39652490616,-0.000876322493124,-0.0297954876775,0.854373202887,0.518804289846,
523,202.608444214,-22.6735992432,3.41635227203,-0.00348197000129,-0.0246923103858,0.84695647572,0.531077107329,
524,202.245758057,-21.7381038666,3.44000148773,-0.000457776079583,-0.0473251298212,0.831441925669,0.553592310974,
525,201.870544434,-20.8011341095,3.47203350067,0.00697745860544,-0.0383795151113,0.824345968209,0.564740695,
526,201.597000122,-19.8078765869,3.50510430336,-0.013910111649,-0.0259022775208,0.809861781079,0.585883500673,
527,201.369033813,-18.8282432556,3.49893379211,-0.00113195178754,-0.0296543718741,0.781860331751,0.622746945835,
528,201.207748413,-17.7755088806,3.54089903831,0.00182918148171,-0.0302021436545,0.733559383056,0.678951482909,
529,201.114425659,-16.7766685486,3.56805038452,0.00302821445422,-0.0315736032321,0.712925574502,0.700521993029,
530,201.125900269,-15.7030324936,3.63376617432,0.00335129237552,-0.0338116944101,0.70672971598,0.706667281478,
531,201.15234375,-14.6484699249,3.67389941216,0.00317017715208,-0.0334613284853,0.696535343951,0.716734821325,
532,201.209976196,-13.5607643127,3.72469043732,0.00205811842186,-0.0322199587556,0.683977119095,0.728788679221,
533,201.324996948,-12.478181839,3.69624757767,-0.00267882513937,-0.0321681083432,0.673741640395,0.738261632959,
534,201.464141846,-11.4046602249,3.78944158554,0.00154977226378,-0.033828933448,0.671892599632,0.739874000103,
535,201.472351074,-10.3608417511,3.85755491257,0.00105272961656,-0.0300924960548,0.739788125705,0.672165799865,
536,201.351974487,-9.28581047058,3.86836624146,0.00223701226604,-0.0325308928788,0.760657844616,0.648333540864,
537,201.163986206,-8.23292160034,3.90107011795,0.003317148695,-0.0278374899902,0.772374597246,0.634548305651,
538,200.988815308,-7.18888425827,3.93289494514,0.00324385990277,-0.0291268575518,0.748956194134,0.661971089104,
539,200.949050903,-6.19050312042,3.97580361366,0.0065212474862,-0.0301319953337,0.703065103735,0.710456892498,
540,201.025039673,-5.17016172409,4.00995063782,0.00680882182504,-0.0301531790635,0.694951428632,0.718391910854,
541,201.063674927,-4.15037727356,4.06229925156,0.0053585224884,-0.0305256418577,0.692661288561,0.720596843426,
542,201.109146118,-3.1391992569,4.0938167572,0.00702408392478,-0.029223235025,0.69809858086,0.715370558649,
543,201.123168945,-2.11032414436,4.1236333847,0.0063389615995,-0.0300536572771,0.692511668341,0.72075251263,
544,201.213531494,-1.02941000462,4.16662931442,0.00764078346839,-0.030126700823,0.678955739196,0.733521032104,
545,201.324935913,-0.0122868781909,4.21845245361,0.00901395894144,-0.0309415336624,0.675802521359,0.736377839267,
546,201.350982666,0.988656997681,4.260679245,0.00849889182211,-0.0283866006805,0.715083558395,0.698410677361,
547,201.386856079,2.04379916191,4.28588151932,0.00910830115585,-0.0291090315947,0.710163495988,0.703375797207,
548,201.338760376,3.0953605175,4.33884620667,0.00550457208616,-0.0287240682181,0.73362813996,0.678921482831,
549,201.297866821,4.15802812576,4.35881233215,0.008270269045,-0.0257386210569,0.71702482494,0.696523170078,
550,201.303100586,5.22546291351,4.40267896652,0.0079181865884,-0.0291685727192,0.700976967543,0.712543183015,
551,201.344223022,6.30739021301,4.43833637238,0.00495345324008,-0.027582033641,0.717054207414,0.696453845097,
552,201.313842773,7.36363697052,4.46289825439,0.00535607781106,-0.0247373283669,0.72770191596,0.685426362583,
553,201.251693726,8.42999839783,4.49483537674,0.00540007529879,-0.028040497731,0.726312070612,0.686771683864,
554,201.240081787,9.43976306915,4.52716636658,0.00613794807944,-0.0271883380615,0.709536001085,0.704117733786,
555,201.26574707,10.4438896179,4.5725736618,0.00706649385336,-0.0260460225475,0.69213129143,0.721266902608,
556,201.359786987,11.5420017242,4.59666538239,0.00674555512227,-0.023449028493,0.681722751502,0.731203617765,
557,201.455368042,12.6014108658,4.64145326614,0.00403624170906,-0.0253620841924,0.676180900229,0.736287894511,
558,201.567520142,13.5978631973,4.66347551346,0.00375359280994,-0.0264458663779,0.669887730004,0.741981775978,
559,201.683700562,14.661242485,4.69395494461,0.0063099577102,-0.0290027405479,0.687151023225,0.725908049793,
560,201.709274292,15.7205038071,4.7351808548,0.00272936550881,-0.0258700717538,0.732318711921,0.680464983759,
561,201.659408569,16.7624225616,4.74649047852,0.00283489590313,-0.0281061935244,0.725879591769,0.68724145939,
562,201.637695312,17.845407486,4.78790235519,0.00324176788758,-0.027062824234,0.716382608636,0.697175051568,
563,201.635955811,18.9157047272,4.80947732925,0.00230886928435,-0.0293640603831,0.713503711882,0.700032052274,
564,201.619140625,19.9556674957,4.84391593933,-0.00107378485805,-0.0294317002755,0.715735786696,0.697749887601,
565,201.581604004,21.0084857941,4.85451936722,-0.000981043171448,-0.031194384953,0.739948874316,0.671938696088,
566,201.361114502,22.040769577,4.87849617004,-0.00115098559162,-0.0248464650865,0.795531791312,0.605401104572,
567,201.073898315,23.0841159821,4.88463449478,-0.00280110536871,-0.0304579731883,0.807172002613,0.589523387047,
568,200.701217651,24.0998344421,4.90398645401,-0.00608192551675,-0.0275687746687,0.829946178343,0.557128633171,
569,200.291625977,25.0468521118,4.91077041626,-0.0059960381811,-0.0226627136735,0.860980503716,0.50809745242,
570,199.793411255,25.9193820953,4.90435409546,-0.00588422105633,-0.0256655756212,0.888350913456,0.458409542584,
571,199.105895996,26.7681255341,4.91396808624,-0.00735558194692,-0.0262594664962,0.912831809508,0.40742413206,
572,198.344009399,27.5374698639,4.90255022049,-0.00857300403755,-0.0260888472239,0.937580093048,0.346683493655,
573,197.533157349,28.1548423767,4.88192892075,-0.00640510620434,-0.0269570259245,0.960281485954,0.277654031309,
574,196.65473938,28.6480064392,4.87377882004,-0.00319258914444,-0.0225839152403,0.979549718786,0.199905284004,
575,195.656555176,28.9892864227,4.86059379578,-0.00705325402615,-0.0237024700381,0.993634644311,0.10990285777,
576,194.660461426,29.1263885498,4.81772279739,-0.0145437816927,-0.0156825061971,0.999531262896,0.0219041527115,
577,193.603515625,29.2193374634,4.75412130356,-0.0118606500233,-0.016903721415,0.999617252594,0.0184102552959,
578,192.525024414,29.2911987305,4.70474147797,-0.0108812210439,-0.0182740682266,0.997553423911,-0.0665944735202,
579,191.471603394,29.1629695892,4.64767694473,-0.0112847119447,-0.0165182731055,0.996923556064,-0.0757840701912,
580,190.394882202,29.037317276,4.60660743713,-0.00835463871866,-0.0128036211883,0.999433367922,-0.0299868367704,
581,189.321426392,29.0421943665,4.57565975189,-0.00702662138655,-0.0177680522436,0.999711920637,0.0145257925244,
582,188.234817505,29.084903717,4.55200576782,-0.00300692955371,-0.0180837011389,0.999577901739,0.0225378899593,
583,187.230606079,29.1049079895,4.52016639709,-0.00437826659031,-0.0161055289877,0.999574102065,-0.0239386131339,
584,186.172744751,29.0980396271,4.48766279221,-0.000646013176257,-0.0123343168368,0.99978354961,-0.0167421989147,
585,185.100692749,29.0410747528,4.46501970291,-0.00447504833366,-0.0122627568696,0.999169303832,-0.0386044170481,
586,184.011856079,29.0058403015,4.43906402588,-0.00263349361076,-0.0121696312267,0.999838034737,-0.0129949636427,
587,182.954498291,28.9728145599,4.4271235466,-0.0015045211857,-0.0109267946501,0.999388110222,-0.033192570263,
588,181.903701782,29.0009994507,4.3831949234,-0.00306346874925,-0.0164001249727,0.99941585007,0.0298263254368,
589,180.818618774,29.0922451019,4.3678650856,-0.00175930610603,-0.0195832581057,0.999362304019,0.0298058073038,
590,179.614013672,29.0658836365,4.31680583954,-0.00499863462296,-0.0173828365719,0.999792674962,0.00935188411737,
591,178.428771973,29.0375518799,4.30696582794,-0.0071230389077,-0.0162050845862,0.999750950255,-0.0135902543955,
592,177.400360107,29.0987091064,4.28250551224,-0.00501972803997,-0.0180693488961,0.999732914421,-0.0135055834319,
593,176.390197754,29.0952339172,4.25444841385,-0.00540013621886,-0.0234231336832,0.99919825954,0.032016143874,
594,175.39074707,29.1806850433,4.23753547668,-0.00583483546446,-0.0256565003384,0.999427200479,0.0212830831424,
595,174.349380493,29.1584568024,4.22288656235,-0.00762775850579,-0.0246842637022,0.999447110465,-0.0209279193814,
596,173.260253906,29.1804943085,4.17095994949,-0.00377930476146,-0.0243743474339,0.999477223486,0.0209018605767,
597,172.163253784,29.2217292786,4.1661195755,-0.00386404129896,-0.0211212987253,0.999752395276,0.00584021108534,
598,171.09753418,29.2440185547,4.13938570023,-0.00769088376047,-0.0212469050644,0.999646114452,-0.0140379910416,
599,170.020202637,29.2444572449,4.11194133759,-0.0049822937157,-0.0235116240293,0.999325794296,0.027754948028,
600,168.946640015,29.350522995,4.0751080513,-0.00394914386323,-0.0244716102118,0.996632508812,0.0781612879567,
601,167.906021118,29.6114368439,4.06757736206,-0.00203939083216,-0.0278406786656,0.990141761317,0.137258988747,
602,166.885009766,29.9825706482,4.06602621078,0.0016477544815,-0.0290880557415,0.976957759692,0.211434873416,
603,165.971450806,30.5712509155,4.06888198853,0.00366287259326,-0.0293722596602,0.954850988856,0.295606905885,
604,165.149353027,31.2482719421,4.11053991318,0.00598307378051,-0.0312386436052,0.927835366302,0.371631380554,
605,164.405319214,32.0429077148,4.10933542252,0.00532360970813,-0.0269635624305,0.899129425333,0.436819072365,
606,163.810012817,32.9366416931,4.13522672653,0.00289765962773,-0.0217172872525,0.881430347142,0.471805580871,
607,163.277755737,33.7857284546,4.14092922211,0.00163830901444,-0.0174698662726,0.875881734483,0.482206705589,
608,162.736099243,34.731212616,4.13344049454,0.00293309966362,-0.0203902746529,0.86316917973,0.504494401149,
609,162.281707764,35.6436042786,4.17533016205,0.00123090020001,-0.0208619653763,0.846417847406,0.532109096782,
610,161.861801147,36.6426124573,4.18588829041,0.00595957044053,-0.0253937047664,0.81556498635,0.578077327283,
611,161.626953125,37.6244392395,4.16684293747,0.00233226758204,-0.0264541565304,0.775678794403,0.630568906658,
612,161.476150513,38.7132377625,4.20793056488,0.00159111530729,-0.0250359130229,0.745352565763,0.666198336925,
613,161.410827637,39.7514152527,4.23530578613,0.00143830416199,-0.0211056796351,0.741169443425,0.670984603178,
614,161.284957886,40.751247406,4.28182029724,0.00389619863645,-0.0214993094744,0.765733484523,0.642786768694,
615,161.082107544,41.8170318604,4.25885295868,0.00310167705815,-0.0180261746076,0.784742209804,0.619552339017,
616,160.826522827,42.7947998047,4.29605913162,0.00435201977923,-0.0209462638005,0.800786277146,0.598568001393,
617,160.530731201,43.8326263428,4.29661512375,0.00238970937472,-0.0193056369169,0.814377081671,0.58000995726,
618,160.206924438,44.9687843323,4.2947807312,-0.000961642214871,-0.0204291018613,0.79436119539,0.607101324574,
619,159.977035522,45.944065094,4.31747341156,0.000971256132181,-0.0191886663102,0.776744424858,0.629522795615,
620,159.819732666,46.9524497986,4.35464096069,0.00475267787705,-0.0224014453197,0.752415177383,0.658290960096,
621,159.759689331,48.0193481445,4.35483455658,0.00129456217012,-0.0214945649453,0.71492778413,0.69886663339,
622,159.75894165,49.1084327698,4.34212398529,-0.00340215067854,-0.021344924878,0.703875247519,0.70999468694,
623,159.781417847,50.1976737976,4.4038271904,-0.00187490648706,-0.0230584298147,0.719146531441,0.694473224723,
624,159.788391113,51.2700614929,4.44172811508,0.00516446611174,-0.022991528935,0.700299560578,0.713460050277,
625,159.850509644,52.4398040771,4.45645093918,0.00772404948762,-0.0210471915498,0.694808778382,0.71884498765,
626,159.881469727,53.5074386597,4.48434257507,0.00800081601858,-0.0218532988516,0.71321850429,0.700555340719,
627,159.880859375,54.5271949768,4.48160886765,0.0103315693425,-0.0196499392535,0.710154220557,0.703696043464,
628,159.907028198,55.6050491333,4.51275587082,0.00734116340142,-0.0190050732567,0.70642698444,0.707492636121,
629,159.941375732,56.6882476807,4.58006429672,0.00500683144617,-0.0202258699604,0.702276228407,0.711599567761,
630,159.947967529,57.7590866089,4.56528568268,0.00505803431199,-0.0231003606468,0.710756006232,0.703041029551,
631,159.952026367,58.8437843323,4.64998340607,0.00343494694372,-0.0232565619654,0.710737719978,0.703064169806,
632,159.949020386,59.9320602417,4.64516019821,0.0046831635467,-0.0267314745251,0.699365015459,0.714249306195,
633,159.984619141,61.0379600525,4.63621616364,0.00431783242728,-0.0191401827368,0.70669687773,0.707244323226,
634,159.964645386,62.1882286072,4.70826673508,0.00502333894956,-0.0203975753702,0.723848447495,0.689639130302,
635,159.946273804,63.2787590027,4.72486209869,0.00388332694171,-0.0217144443327,0.725449153345,0.687922182075,
636,159.904464722,64.3705368042,4.69691991806,0.00197220774378,-0.0198721548415,0.719631553254,0.694068898179,
637,159.881103516,65.3751296997,4.76944875717,0.00376081799004,-0.0216551875423,0.715164364323,0.698610650579,
638,159.889343262,66.4568405151,4.79638671875,0.0058719287151,-0.0215508213787,0.707103189281,0.706757498906,
639,159.903106689,67.4695205688,4.82648515701,0.00499067816486,-0.0204520246295,0.703158610287,0.710721307264,
640,159.951553345,68.562210083,4.84510040283,0.00515964401125,-0.0192788658511,0.697065516183,0.716729634907,
641,160.022338867,69.5885696411,4.86576747894,0.00340907300816,-0.0184956089092,0.688253773928,0.725226194609,
642,160.076095581,70.595123291,4.86388540268,0.00124612499994,-0.0212763409798,0.69464868619,0.719033356153,
643,160.10597229,71.6783599854,4.88322734833,0.000528277561127,-0.0215753707733,0.719248859794,0.694417239118,
644,160.05645752,72.7387771606,4.95981693268,0.00197414743223,-0.0222180402281,0.727922328917,0.685296683557,
645,160.034317017,73.7617874146,4.97508525848,0.00292251416441,-0.0227360669268,0.717728844006,0.695945282802,
646,159.969955444,74.7760009766,4.95636367798,0.00388086216744,-0.0206304423337,0.735483075655,0.67721781517,
647,159.92741394,75.7854156494,4.98841190338,0.00646057809106,-0.0197980241205,0.722239807905,0.691329124982,
648,159.937911987,76.7935180664,4.98564863205,0.00747103729326,-0.0187379595867,0.712169122813,0.701718043793,
649,159.912872314,77.8572998047,5.05156135559,0.0034152809121,-0.0204632606118,0.716307177121,0.697476608086,
650,159.923629761,78.9480819702,5.06425952911,0.00189344507251,-0.0254638000089,0.692644721318,0.720826816777,
651,159.990539551,80.0579605103,5.05539274216,0.00247488538078,-0.02494374306,0.681251460091,0.73162021073,
652,160.144165039,81.1191253662,5.13244199753,0.00171548647692,-0.0234162797578,0.676352517269,0.736203781118,
653,160.211715698,82.1634292603,5.17691707611,0.00238946047084,-0.0253883621345,0.701507278623,0.712205910945,
654,160.224884033,83.1798019409,5.19623422623,0.00385834947371,-0.021187689748,0.722182095622,0.691367641494,
655,160.162155151,84.2549514771,5.21220588684,0.00154320291941,-0.0222079617929,0.745242235879,0.666422114594,
656,160.024963379,85.3206176758,5.23152017593,-0.000757757434506,-0.0249162980764,0.743138611341,0.668673020413,
657,159.943649292,86.3260726929,5.24440097809,-0.000235257273792,-0.025148614208,0.727119646516,0.686049933684,
658,159.94732666,87.4106750488,5.27127504349,-0.00154978679279,-0.0243120147517,0.712315745095,0.701436243282,
659,159.971939087,88.4355163574,5.2702960968,-0.00104437107972,-0.0256158718204,0.698805350141,0.714852305735,
660,160.03263855,89.541557312,5.28922271729,0.000270429524793,-0.029393021975,0.682456256088,0.730335152963,
661,160.179626465,90.5802993774,5.32661008835,0.0138457143114,-0.0198662990249,0.695791257032,0.71783574235,
662,160.128692627,91.5822982788,5.3798584938,0.0100591768288,-0.025466215327,0.705669754256,0.708011640276,
663,160.210922241,92.5954208374,5.41631126404,0.00451864562804,-0.0205982998087,0.676972257888,0.735706363937,
664,160.353302002,93.664352417,5.43039035797,0.00241035213772,-0.02145225104,0.676494844284,0.736130910086,
665,160.415252686,94.7323913574,5.47648668289,0.0010249430462,-0.0259665202728,0.699453936115,0.714205068989,
666,160.423309326,95.7721557617,5.50020074844,-0.000580794277527,-0.0240961688148,0.756386943327,0.653680219443,
667,160.218032837,96.7695999146,5.50921583176,-0.0017944496847,-0.0247016392811,0.803493093923,0.594798669287,
668,159.905197144,97.7492523193,5.51326990128,-0.0047800118129,-0.0219641100189,0.822391323348,0.568478003655,
669,159.54460144,98.6869735718,5.52459001541,-0.000399911129603,-0.0259468306842,0.835457748917,0.548941665228,
670,159.091506958,99.6614379883,5.53565597534,-0.00460190954386,-0.0176766052721,0.869956269821,0.492790471351,
671,158.470748901,100.524986267,5.58489227295,0.0036108794114,-0.0209617969126,0.908180210234,0.418038599126,
672,157.718658447,101.269882202,5.58692741394,0.00145954664342,-0.0199162599841,0.949636103709,0.312717896585,
673,156.856842041,101.841148376,5.55151319504,-0.00336848560895,-0.0164163943956,0.976107325941,0.216641740077,
674,155.833465576,102.208061218,5.51500463486,-0.00238393759559,-0.0166912036711,0.992512874457,0.120970717939,
675,154.844070435,102.421424866,5.49665260315,-0.0076830047811,-0.0108428393446,0.998935640368,0.0441700200988,
676,153.85534668,102.595024109,5.47365236282,0.000204628661982,-0.00362719671858,0.997534994244,0.0700766496769,
677,152.86114502,102.717582703,5.46141147614,-0.00227675310945,-0.00557153011707,0.996757446381,0.0802394387507,
678,151.846405029,102.901321411,5.40862035751,-0.00463924706738,-0.0111548141036,0.996023816344,0.088264402699,
679,150.780456543,103.088256836,5.36753463745,-0.00662784658641,-0.0156805608188,0.997372122591,0.0704204568289,
680,149.712722778,103.236564636,5.35993528366,-0.00812990058218,-0.014882632463,0.999211211097,0.0359077649849,
681,148.591262817,103.297637939,5.29760408401,-0.00758000595149,-0.0152400596255,0.999845275215,0.00443956335256,
682,147.4947052,103.305419922,5.27086782455,-0.00859363683806,-0.0160638687047,0.999795525184,-0.00877549720441,
683,146.427459717,103.307159424,5.27480745316,-0.0079413871542,-0.015027991751,0.999580687132,-0.0234423494281,
684,145.285461426,103.247375488,5.25251483917,-0.00882307800637,-0.0179921302169,0.999200544074,-0.0345934859168,
685,144.229919434,103.195327759,5.21428346634,-0.00875183770586,-0.0165690890764,0.999509231328,-0.0251031295732,
686,143.196380615,103.191055298,5.17524766922,-0.00683167234062,-0.0170061918876,0.999831917205,0.000505004358104,
687,142.009490967,103.230285645,5.11654853821,-0.00437434058316,-0.0174093173913,0.99947368681,0.0270209212755,
688,140.986206055,103.267532349,5.09259796143,-0.00216004280778,-0.0163986761524,0.999826081005,0.00861541515188,
689,139.914520264,103.279121399,5.05591821671,-0.00537022319433,-0.0189650672315,0.999675553236,-0.0161330465431,
690,138.754760742,103.308563232,5.04544115067,-0.0046195581587,-0.0186504551005,0.999815328469,-0.000359394780483,
691,137.742233276,103.265098572,5.01573801041,-0.0049136365276,-0.0166481163736,0.998150761314,-0.0582559360566,
692,136.674072266,103.108772278,4.98233222961,-0.00759163167171,-0.0140540571286,0.996359713405,-0.0837387133318,
693,135.657669067,103.003807068,5.00002479553,-0.00616525204204,-0.0154769868511,0.99967942175,-0.0190658405174,
694,134.631500244,103.027580261,4.94019174576,-0.0048514113066,-0.0165492912473,0.999829559589,0.00659064026991,
695,133.629837036,103.057762146,4.94578170776,-0.00585947445449,-0.0174478992442,0.999684170338,0.0171113104824,
696,132.631851196,103.114784241,4.90733242035,-0.00628245520674,-0.0169402016416,0.999834468765,-0.00214368712067,
697,131.53565979,103.108009338,4.86997318268,-0.00583352085288,-0.0182893139477,0.999813457184,0.00212646758892,
698,130.450057983,103.136459351,4.84346818924,-0.00682522584885,-0.0222690194324,0.999665347263,0.0112561337545,
699,129.377349854,103.197166443,4.82267951965,-0.00546612384567,-0.0206085948304,0.999402365682,0.0272087996375,
700,128.292434692,103.302658081,4.78442525864,-0.00382147920875,-0.020718829171,0.998729294984,0.0457812380266,
701,127.276924133,103.441200256,4.76265525818,-0.0069917202813,-0.0213895379316,0.998412217923,0.0516395838095,
702,126.210014343,103.550270081,4.74565696716,-0.00494746655046,-0.0218480901657,0.999381868289,0.027093631456,
703,125.202705383,103.583755493,4.74204826355,-0.00630415673647,-0.0232277793425,0.999709306277,0.00142506773384,
704,124.11529541,103.583976746,4.68996858597,-0.00823093898131,-0.0201809199412,0.999494838536,-0.023131144682,
705,123.107910156,103.506759644,4.63274478912,-0.0103674454868,-0.0213352518595,0.998836366391,-0.041990907066,
706,122.01625824,103.436981201,4.60719871521,-0.00685023067901,-0.017922270569,0.998868109077,-0.0435243291356,
707,121.011329651,103.357902527,4.57301807404,-0.00817112316865,-0.0156170263797,0.998450260573,-0.0527865361068,
708,120.000953674,103.234176636,4.52195692062,-0.00643746045203,-0.0161562851448,0.999266034261,-0.0341310170736,
709,118.924560547,103.213813782,4.51796293259,-0.00547539099854,-0.0153989979728,0.999658756543,-0.0203779641218,
710,117.837486267,103.17024231,4.49680757523,-0.00555886296699,-0.0183392427946,0.999499484493,-0.0251704532062,
711,116.838142395,103.163192749,4.45606803894,-0.00467725402622,-0.0185290044751,0.999658060655,-0.017848278795,
712,115.745513916,103.118476868,4.40275096893,-0.00643599202356,-0.0208250150541,0.999681242356,-0.0127401113085,
713,114.652496338,103.147659302,4.39125394821,-0.00522952645562,-0.0177136506499,0.999810134775,0.00621071943265,
714,113.564620972,103.18687439,4.38832473755,-0.0047984355899,-0.015582855317,0.999752824844,0.0151141937394,
715,112.37702179,103.244781494,4.36158800125,-0.00471822392577,-0.0179987765883,0.999771226136,0.0105488290684,
716,111.366531372,103.270545959,4.34430837631,-0.00453605104096,-0.0193144729286,0.999794730822,0.00410750490434,
717,110.284576416,103.284706116,4.30261564255,-0.00584746754582,-0.0166598799426,0.99983888675,-0.0032335842247,
718,109.282722473,103.285728455,4.25134706497,-0.00181365644119,-0.0189154713152,0.999762832548,-0.0106392787094,
719,108.202629089,103.290298462,4.25447845459,-0.00487630829472,-0.0229936975126,0.999700215592,-0.00685495720326,
720,107.140106201,103.279670715,4.2232966423,-0.00407142041323,-0.017406629373,0.999790098703,-0.0100095616975,
721,106.044158936,103.266807556,4.24421072006,0.000400304792733,-0.0114377200349,0.999781309896,-0.0175028768589,
722,104.955505371,103.246124268,4.17583608627,-0.00513821214649,-0.0132996095439,0.999495884315,-0.028367171167,
723,103.947677612,103.190467834,4.18140697479,-0.00461304458542,-0.0141989724775,0.999182647271,-0.0375652285018,
724,102.868278503,103.136222839,4.10838937759,-0.00560515497159,-0.0168177395325,0.999588953555,-0.0225315291408,
725,101.759979248,103.100326538,4.11950397491,-0.00440038966002,-0.01925693469,0.999713567737,-0.0135125689326,
726,100.690299988,103.142951965,4.09300470352,-0.00267705581105,-0.0181702363954,0.999512290988,0.0252558121126,
727,99.6861114502,103.193618774,4.06013727188,-0.00264883956176,-0.0176010614568,0.9997124065,0.0160714210388,
728,98.6060256958,103.275398254,4.06801939011,0.000400307286947,-0.0173814374021,0.999362759537,0.031173710695,
729,97.6059188843,103.315055847,4.04601430893,-0.00107073697968,-0.0196335970845,0.999577360239,0.0214120593245,
730,96.5290374756,103.399757385,4.02509117126,-0.0008746681837,-0.0193587352408,0.999209235556,0.0347185527571,
731,95.4769134521,103.482017517,3.99887990952,0.00531824264686,-0.0230100201109,0.998869177696,0.0412628297483,
732,94.4047546387,103.562683105,4.01107645035,0.00239637602548,-0.0204232908903,0.999274105519,0.0320688105451,
733,93.3696212769,103.643188477,3.9928689003,0.00190422362629,-0.0179309421777,0.999731801381,0.0145320526122,
734,92.2761993408,103.676330566,3.9526257515,0.000446845279735,-0.0198434646145,0.999782971662,0.0063282554483,
735,91.2092819214,103.689620972,3.96462154388,0.00352511127776,-0.018359524378,0.999774509121,-0.0100713636637,
736,90.1677932739,103.657783508,3.94288396835,-0.00101527297647,-0.0194250203302,0.998590331463,-0.0493861085126,
737,89.0843887329,103.617607117,3.96860694885,0.0032368123695,-0.0193851131696,0.999702192079,-0.0144660839606,
738,88.0085220337,103.555747986,3.95381093025,0.00372366066407,-0.021063068426,0.999110976636,-0.0363281965606,
739,86.9310531616,103.493392944,3.94795417786,0.00367785660831,-0.0180178068355,0.999131020822,-0.0374036794688,
740,85.852722168,103.415130615,3.91326856613,0.00332946380692,-0.0188070821992,0.998360314503,-0.0539619380247,
741,84.7913360596,103.326049805,3.92391085625,0.00140083813457,-0.0182616517807,0.998874326896,-0.0437564714664,
742,83.7186126709,103.297386169,3.91690659523,1.52607169577E-05,-0.0216220225995,0.999710951365,0.0105119753742,
743,82.71434021,103.33745575,3.89744853973,0.00128775705373,-0.0183102033086,0.999820951577,0.00459814352455,
744,81.6609725952,103.369308472,3.88735747337,0.000876502069332,-0.0198010444272,0.999527214002,0.0235052941364,
745,80.6514663696,103.387924194,3.84670686722,0.000450989258072,-0.0203166228885,0.999686314415,-0.0146391329838,
746,79.5923538208,103.386260986,3.83875513077,-0.00174429310435,-0.0191069441454,0.999701095639,-0.0151526071998,
747,78.5916366577,103.367713928,3.81978416443,0.000578718284623,-0.0179620179834,0.99983514296,-0.00259189049438,
748,77.5538024902,103.42086792,3.81429100037,0.00147087396535,-0.0178475883317,0.999745079611,0.0137504877833,
749,76.4806137085,103.410057068,3.81798815727,-1.16860401041E-05,-0.0191894881911,0.999803123726,-0.00504749383249,
750,75.3926239014,103.459442139,3.80648446083,0.000917752864559,-0.0189380283464,0.999510798751,0.0248731178595,
751,74.3232727051,103.541313171,3.78607988358,0.00215171813801,-0.0161234191047,0.999824185591,0.00932755986352,
752,73.2597808838,103.556167603,3.76676869392,-0.00116830240464,-0.019428259659,0.999809776385,0.00126049229508,
753,72.1772232056,103.584907532,3.74652194977,-0.00173236142596,-0.0166467091348,0.999857599724,-0.00216015560024,
754,71.0825195312,103.594581604,3.74152231216,0.00171304779012,-0.0187586941988,0.999789482379,0.0081343582059,
755,70.0084228516,103.647705078,3.73928046227,0.00429729433535,-0.0176849731572,0.999588451631,0.0221743625032,
756,68.9486618042,103.688865662,3.71457624435,0.00233032180112,-0.0200838589426,0.999745560872,-0.0100010863283,
757,67.8741607666,103.664024353,3.6969742775,0.000179757275534,-0.0205446703212,0.999658651142,-0.016138940647,
758,66.805305481,103.636734009,3.69121932983,0.000638231834923,-0.0251381878812,0.999598721243,-0.0130407308082,
759,65.7355194092,103.635215759,3.66553711891,-0.000478546136186,-0.0220693930599,0.999747597239,0.00417788215325,
760,64.6652145386,103.685348511,3.65469932556,8.28098627844E-05,-0.0197120081962,0.999649791348,0.0176557223872,
761,63.6132278442,103.732666016,3.65814900398,0.00166563633853,-0.0186225259261,0.999793624355,-0.00794580909465,
762,62.5293579102,103.689826965,3.64362239838,0.00133521007484,-0.0201221576855,0.999660597116,-0.0164926213325,
763,61.4400291443,103.692390442,3.61698961258,-0.00185838776748,-0.0192246409358,0.999668174753,-0.0170440594307,
764,60.37449646,103.642799377,3.61023283005,0.000303527693581,-0.0200390857126,0.99941830668,-0.0275933178122,
765,59.2950630188,103.584075928,3.58138442039,-0.00105647614023,-0.0191397545743,0.999470124407,-0.0263063503892,
766,58.215637207,103.58367157,3.55986070633,-0.00196581257846,-0.0170311026094,0.999845628131,0.00384669115638,
767,57.1653862,103.632499695,3.5524353981,-0.000441256368405,-0.0178626696813,0.999559699613,0.0236883354171,
768,56.0937423706,103.685386658,3.53414797783,0.001044583132,-0.0187487563172,0.999745318806,0.012517607905,
769,55.0064697266,103.710800171,3.54954957962,-0.000587113372326,-0.0191343387231,0.999792460561,-0.00696908783059,
770,53.9507064819,103.684394836,3.51443958282,0.000449251740754,-0.0195415063111,0.999398855651,-0.028633110667,
771,52.9009056091,103.661483765,3.4842441082,-0.00223371810845,-0.0172271164094,0.999764096858,-0.0130379291654,
772,51.8254508972,103.620452881,3.48261547089,-0.00118629703342,-0.0167069762445,0.999340874441,-0.0322069296258,
773,50.7496948242,103.549926758,3.47315454483,-0.000345015746662,-0.0156182405236,0.99814754075,-0.0587999865828,
774,49.6768112183,103.419052124,3.44818639755,-0.00199024327012,-0.0145089647557,0.996585950012,-0.0812525268066,
775,48.5179405212,103.21762085,3.43622136116,0.00141788295248,-0.0135668928011,0.996221411343,-0.0857719570161,
776,47.4669265747,103.046409607,3.40294098854,-0.000294549964913,-0.0122992920657,0.995174160739,-0.0973500408408,
777,46.334487915,102.851470947,3.3861310482,-0.000395068806899,-0.0109524980025,0.996591786302,-0.0817600035638,
778,45.3378486633,102.695266724,3.35729169846,-0.00246079843127,-0.0126287373851,0.995344356364,-0.0955200068998,
779,44.2975616455,102.521812439,3.33179831505,-0.00121491210152,-0.0130868944227,0.997116043389,-0.0747452553689,
780,43.2265892029,102.380119324,3.31040287018,-0.00240613746839,-0.0125242225143,0.996751162334,-0.0795265662434,
781,42.1736335754,102.215515137,3.31107378006,-0.00175588120563,-0.0109600796138,0.996248902189,-0.0858191029065,
782,41.1246910095,102.06451416,3.28037548065,-0.000680935813346,-0.0138195543677,0.996641523565,-0.0807107783951,
783,40.0628471375,101.918418884,3.26279044151,-0.00475661957771,-0.0162490139762,0.998219429257,-0.0571954121349,
784,38.999256134,101.820587158,3.23820447922,-0.0040711524993,-0.0178539661822,0.99919954216,-0.0355659465675,
785,37.9059257507,101.747184753,3.22033047676,-0.00384257625586,-0.0151843054339,0.998817395152,-0.0460269770725,
786,36.8281593323,101.671234131,3.18688249588,-0.00302708418682,-0.0136455424137,0.998410145081,-0.0546060265206,
787,35.752407074,101.547050476,3.17364144325,-0.00307095853687,-0.0148572572014,0.998129232789,-0.0592272384563,
788,34.7575759888,101.436088562,3.1516354084,-0.000903911235312,-0.0165206251845,0.998110523419,-0.0591746138905,
789,33.6885375977,101.309394836,3.12036919594,-0.0025572118736,-0.0149483879749,0.997990428946,-0.0615232484254,
790,32.6176528931,101.201126099,3.089179039,-0.00652563604745,-0.0124128786743,0.998173498212,-0.058762266678,
791,31.4714660645,101.063644409,3.07137870789,-0.00431025285136,-0.0108565791287,0.997089400361,-0.0753411182342,
792,30.4124507904,100.895767212,3.0543422699,-0.00276173585674,-0.010808645272,0.994462606237,-0.104497228663,
793,29.4158763885,100.677742004,3.0104598999,-0.00481903166335,-0.0112212195769,0.993511454112,-0.113074540517,
794,28.3558177948,100.43195343,2.99650812149,-0.00420067572341,-0.0108532507176,0.992653161214,-0.120433644816,
795,27.3337974548,100.212890625,2.96242547035,-0.00745516809281,-0.0124911488888,0.993750797674,-0.110669525119,
796,26.3005237579,99.9962081909,2.95532608032,-0.00482579507584,-0.0120897148525,0.99669665144,-0.0801644279321,
797,25.1858711243,99.9118270874,2.92442584038,-0.00406032970168,-0.0163856287928,0.999248453971,-0.0348934396215,
798,24.1732673645,99.8713607788,2.87710785866,-0.00280342960473,-0.0169346534628,0.999406789905,-0.0298567678594,
799,23.1601409912,99.7834243774,2.8936984539,-0.0013618599999,-0.0169824559474,0.998512438332,-0.0517943242485,
800,21.9938697815,99.6468200684,2.87378287315,-0.00561281458918,-0.0148799155938,0.996830374415,-0.0779505552764,
801,20.9081420898,99.4604568481,2.83253669739,-0.00577681973911,-0.0117441908151,0.994974999006,-0.0992645641162,
802,19.7470932007,99.2958450317,2.82937693596,-0.00359292237693,-0.0141581687176,0.997591634909,-0.0678053620795,
803,18.7084083557,99.1709365845,2.80706429482,-0.000895331802687,-0.0110409557593,0.998777879308,-0.048166829681,
804,17.6567840576,99.1212387085,2.80222821236,-0.00128856280758,-0.0109239535964,0.999675103189,-0.022993366587,
805,16.5895385742,99.1072158813,2.74604463577,-0.000962669289079,-0.0110671708018,0.999877832722,-0.0109959369775,
806,15.4928274155,99.0843429565,2.74413442612,-0.00423867768153,-0.0133923536482,0.997817415686,-0.0645219608274,
807,14.4715108871,98.9543609619,2.71269416809,-0.00639734558786,-0.0144595857199,0.995486742509,-0.0935742477296,
808,13.4893712997,98.7464828491,2.67770290375,-0.00422452352312,-0.0127281393332,0.992798045377,-0.119047003181,
809,12.4742383957,98.4979476929,2.66565966606,-0.00552813964427,-0.0126851316489,0.988729572072,-0.149071662021,
810,11.4798650742,98.1781463623,2.64504957199,-0.00479746972688,-0.0103391647008,0.983434109435,-0.180907264521,
811,10.4892568588,97.7989273071,2.61729216576,-0.00326257449329,-0.00331821910191,0.975564537736,-0.219663783409,
812,9.55529880524,97.3014144897,2.59703946114,-0.00404658979075,0.00380524714878,0.963344408424,-0.268210171253,
813,8.65099811554,96.701675415,2.5529665947,-0.0124829151381,0.00195474769902,0.959465982305,-0.281541088635,
814,7.65000343323,96.1094436646,2.52385807037,-0.00710657034557,-0.00121438666187,0.962526500798,-0.27109178738,
815,6.7568860054,95.5119171143,2.48407912254,-0.00611145551649,-0.00974334986458,0.950052548873,-0.311877975535,
816,5.93762111664,94.8157043457,2.46786212921,-0.00494556701515,-0.00688284691055,0.9188958408,-0.394409180352,
817,5.30298900604,93.9504852295,2.42246103287,0.0066782828012,0.00527342874032,-0.857307670199,0.514734057651,
818,4.8195977211,92.8623809814,2.38834357262,0.00794961640382,0.00333732491572,-0.827906541664,0.560799807535,
819,4.38878965378,91.8379135132,2.37403869629,0.012024813012,0.00413633651082,-0.84605587547,0.532942539281,
820,3.89329409599,90.8498306274,2.32736706734,0.0050239892759,0.00421299053431,-0.864023577869,0.503408648246,
821,3.33195471764,89.9634170532,2.29557299614,-0.00406142090531,-0.00537022537684,0.871680031868,-0.490029170134,
822,2.77664232254,89.0429153442,2.26793265343,-0.0043974186236,-0.0047536227219,0.873440573955,-0.486887697062,
823,2.22621464729,88.1232681274,2.23416185379,0.00649083944765,0.0019088502766,-0.86120319113,0.508215789681,
824,1.72709405422,87.2065658569,2.21260237694,0.00466951118546,0.000954722506438,-0.842449532383,0.538754182868,
825,1.29954242706,86.215675354,2.19141507149,0.00536572468118,-0.000227861902909,-0.823699785231,0.567000723887,
826,0.933149814606,85.2239685059,2.15657567978,0.0068617637151,0.000292732863653,-0.803670995282,0.595034252668,
827,0.64358317852,84.1924285889,2.13232040405,0.00368910105536,0.00103934590635,-0.782490655246,0.622650531797,
828,0.423105031252,83.1245880127,2.11510252953,0.00606125624881,0.000525717305128,-0.760740032951,0.649028186645,
829,0.278846621513,82.0598068237,2.09091830254,0.00778417449017,-0.000702082531843,-0.738733707025,0.673952093114,
830,0.214791700244,80.975982666,2.06404709816,0.00379088549738,-0.00331929955289,-0.702646008546,0.711521748165,
831,0.237305775285,79.8303222656,2.0564250946,0.00665821847682,-0.00586518789173,-0.672898359268,0.739681732769,
832,0.282340943813,78.7954330444,2.06205415726,0.00174071115222,-0.00270224357322,-0.689176794795,0.724586097934,
833,0.345651686192,77.7836685181,2.02955818176,0.00300644800082,-0.00124204049018,-0.68368089296,0.729773838396,0:833,
